employee_id,case_id,edge_timestamp
emp_000124,case_000001,2025-08-25T09:15:13
emp_000425,case_000002,2025-02-10T15:57:01
emp_000561,case_000003,2025-05-12T10:05:13
emp_000180,case_000004,2025-12-16T17:37:32
emp_000213,case_000005,2025-04-01T18:40:20
emp_000094,case_000006,2025-03-10T11:32:03
emp_000401,case_000007,2025-12-05T17:16:52
emp_000384,case_000008,2025-11-03T14:38:38
emp_000185,case_000009,2025-02-11T14:23:24
emp_000243,case_000010,2025-11-20T16:46:29
emp_000124,case_000011,2025-02-10T18:02:12
emp_000185,case_000012,2025-01-30T11:25:16
emp_000254,case_000013,2025-02-26T16:15:17
emp_000563,case_000014,2025-02-25T18:33:34
emp_000113,case_000015,2025-09-05T13:50:51
emp_000241,case_000016,2025-04-14T09:59:19
emp_000394,case_000017,2025-01-08T14:51:54
emp_000384,case_000018,2025-12-15T12:13:27
emp_000473,case_000019,2025-05-12T16:17:31
emp_000088,case_000020,2025-03-03T15:54:53
emp_000572,case_000021,2025-11-10T12:47:29
emp_000364,case_000022,2025-02-24T12:33:02
emp_000094,case_000023,2025-09-25T18:37:04
emp_000173,case_000024,2025-11-04T17:34:43
emp_000471,case_000025,2025-08-13T14:36:31
emp_000493,case_000026,2025-01-24T17:40:09
emp_000195,case_000027,2025-08-11T18:34:41
emp_000471,case_000028,2025-03-17T12:48:33
emp_000088,case_000029,2025-12-17T18:09:12
emp_000425,case_000030,2025-03-19T17:29:16
emp_000563,case_000031,2025-10-31T12:32:02
emp_000385,case_000032,2025-03-31T17:53:57
emp_000408,case_000033,2025-04-15T18:59:13
emp_000352,case_000034,2025-07-15T18:22:16
emp_000241,case_000035,2025-10-16T13:26:39
emp_000205,case_000036,2025-12-03T09:24:21
emp_000205,case_000037,2025-03-14T11:58:01
emp_000213,case_000038,2025-03-30T18:21:29
emp_000408,case_000039,2025-06-17T10:47:42
emp_000371,case_000040,2025-06-05T18:47:18
emp_000033,case_000041,2025-12-29T14:47:58
emp_000439,case_000042,2025-05-14T12:09:38
emp_000472,case_000043,2025-01-13T11:54:59
emp_000124,case_000044,2025-06-27T17:36:14
emp_000012,case_000045,2025-06-09T15:00:59
emp_000473,case_000046,2025-09-12T18:34:10
emp_000385,case_000047,2025-08-18T11:12:44
emp_000191,case_000048,2025-08-26T17:26:32
emp_000088,case_000049,2025-12-18T15:14:33
emp_000388,case_000050,2025-08-18T14:48:22
emp_000285,case_000051,2025-12-08T12:21:48
emp_000254,case_000052,2025-09-17T17:30:52
emp_000122,case_000053,2025-03-14T15:50:44
emp_000453,case_000054,2025-06-23T17:18:42
emp_000285,case_000055,2025-02-06T15:49:58
emp_000243,case_000056,2025-02-24T18:14:30
emp_000388,case_000057,2025-06-30T14:18:18
emp_000098,case_000058,2025-12-05T09:03:46
emp_000113,case_000059,2025-07-21T14:11:39
emp_000285,case_000060,2025-05-15T16:08:21
emp_000227,case_000061,2025-05-05T13:20:53
emp_000141,case_000062,2025-10-21T10:48:57
emp_000577,case_000063,2025-08-20T16:17:48
emp_000088,case_000064,2025-02-20T18:29:41
emp_000432,case_000065,2025-09-22T18:42:05
emp_000088,case_000066,2025-08-11T12:18:00
emp_000009,case_000067,2025-12-29T14:18:26
emp_000190,case_000068,2025-10-20T17:15:00
emp_000425,case_000069,2025-04-11T14:50:42
emp_000241,case_000070,2025-01-31T14:50:19
emp_000113,case_000071,2025-11-10T10:39:23
emp_000587,case_000072,2025-11-17T10:37:21
emp_000364,case_000073,2025-06-17T11:56:57
emp_000563,case_000074,2025-08-01T11:55:49
emp_000113,case_000075,2025-09-22T12:49:46
emp_000191,case_000076,2025-02-25T10:19:41
emp_000285,case_000077,2025-12-18T17:49:42
emp_000339,case_000078,2025-08-04T12:55:15
emp_000122,case_000079,2025-01-28T12:39:03
emp_000214,case_000080,2025-09-07T15:35:19
emp_000227,case_000081,2025-06-24T15:42:50
emp_000448,case_000082,2025-03-24T15:59:00
emp_000254,case_000083,2025-01-27T15:57:51
emp_000489,case_000084,2025-06-16T10:55:49
emp_000587,case_000085,2025-12-31T16:02:08
emp_000371,case_000086,2025-01-22T09:33:44
emp_000122,case_000087,2025-03-31T18:36:38
emp_000364,case_000088,2025-02-14T18:03:01
emp_000302,case_000089,2025-02-06T16:55:23
emp_000302,case_000090,2025-02-21T10:23:19
emp_000180,case_000091,2025-08-22T09:37:07
emp_000371,case_000092,2025-11-27T14:10:48
emp_000033,case_000093,2025-12-29T18:06:58
emp_000401,case_000094,2025-03-05T09:02:13
emp_000418,case_000095,2025-03-11T11:51:56
emp_000579,case_000096,2025-04-22T14:19:45
emp_000453,case_000097,2025-12-26T10:00:01
emp_000033,case_000098,2025-07-10T11:14:19
emp_000439,case_000099,2025-09-10T11:38:48
emp_000185,case_000100,2025-10-03T15:13:45
emp_000448,case_000101,2025-07-25T16:03:45
emp_000302,case_000102,2025-10-07T09:18:44
emp_000122,case_000103,2025-08-15T17:09:02
emp_000124,case_000104,2025-01-20T11:29:19
emp_000497,case_000105,2025-03-18T09:33:28
emp_000185,case_000106,2025-07-21T14:17:14
emp_000317,case_000107,2025-02-18T17:24:37
emp_000317,case_000108,2025-02-17T14:12:43
emp_000572,case_000109,2025-09-19T09:52:34
emp_000572,case_000110,2025-03-20T16:17:40
emp_000180,case_000111,2025-09-27T16:02:36
emp_000285,case_000112,2025-06-26T14:04:50
emp_000471,case_000113,2025-05-05T14:31:06
emp_000489,case_000114,2025-06-23T10:09:38
emp_000401,case_000115,2025-03-10T15:01:06
emp_000094,case_000116,2025-09-15T14:24:35
emp_000499,case_000117,2025-05-19T16:27:52
emp_000223,case_000118,2025-06-04T09:40:31
emp_000124,case_000119,2025-01-24T17:37:48
emp_000223,case_000120,2025-03-10T11:49:13
emp_000173,case_000121,2025-08-25T09:00:10
emp_000213,case_000122,2025-07-28T10:56:58
emp_000508,case_000123,2025-01-18T13:00:51
emp_000339,case_000124,2025-02-24T09:05:14
emp_000145,case_000125,2025-03-27T10:57:12
emp_000317,case_000126,2025-10-08T09:37:39
emp_000122,case_000127,2025-10-02T15:05:22
emp_000450,case_000128,2025-01-13T15:02:51
emp_000403,case_000129,2025-06-02T16:45:43
emp_000297,case_000130,2025-09-29T10:30:04
emp_000141,case_000131,2025-01-21T09:13:12
emp_000453,case_000132,2025-11-11T10:15:00
emp_000142,case_000133,2025-01-06T15:53:57
emp_000577,case_000134,2025-12-28T12:55:32
emp_000016,case_000135,2025-07-22T16:23:05
emp_000458,case_000136,2025-04-14T17:19:58
emp_000520,case_000137,2025-02-24T15:21:22
emp_000418,case_000138,2025-11-10T15:22:25
emp_000578,case_000139,2025-06-30T18:02:52
emp_000397,case_000140,2025-10-13T18:36:29
emp_000289,case_000141,2025-03-17T10:17:06
emp_000418,case_000142,2025-05-26T13:38:39
emp_000104,case_000143,2025-11-18T09:16:54
emp_000190,case_000144,2025-10-21T18:30:59
emp_000489,case_000145,2025-02-20T12:52:53
emp_000418,case_000146,2025-03-04T09:05:52
emp_000401,case_000147,2025-04-07T17:45:30
emp_000173,case_000148,2025-06-23T09:19:50
emp_000173,case_000149,2025-05-21T15:00:11
emp_000364,case_000150,2025-06-09T18:44:37
emp_000587,case_000151,2025-09-29T18:27:28
emp_000572,case_000152,2025-11-27T09:37:13
emp_000122,case_000153,2025-01-07T10:33:40
emp_000254,case_000154,2025-09-25T16:59:29
emp_000448,case_000155,2025-05-05T11:20:28
emp_000243,case_000156,2025-03-17T16:19:22
emp_000472,case_000157,2025-05-21T15:21:37
emp_000145,case_000158,2025-03-11T17:39:33
emp_000285,case_000159,2025-04-28T11:23:56
emp_000439,case_000160,2025-09-03T18:21:04
emp_000180,case_000161,2025-06-18T10:23:55
emp_000472,case_000162,2025-10-27T17:21:34
emp_000364,case_000163,2025-09-07T12:22:20
emp_000241,case_000164,2025-08-21T10:10:23
emp_000394,case_000165,2025-02-27T16:12:56
emp_000421,case_000166,2025-12-22T09:22:13
emp_000205,case_000167,2025-01-14T17:35:02
emp_000207,case_000168,2025-04-26T16:29:58
emp_000317,case_000169,2025-07-07T16:57:09
emp_000241,case_000170,2025-05-09T11:15:51
emp_000388,case_000171,2025-04-08T18:24:21
emp_000009,case_000172,2025-03-31T09:55:55
emp_000241,case_000173,2025-08-20T09:25:13
emp_000448,case_000174,2025-12-05T16:12:19
emp_000289,case_000175,2025-01-14T17:11:19
emp_000579,case_000176,2025-03-17T10:08:27
emp_000472,case_000177,2025-04-28T14:42:02
emp_000487,case_000178,2025-10-24T17:55:40
emp_000033,case_000179,2025-07-07T11:55:03
emp_000213,case_000180,2025-06-04T11:12:26
emp_000109,case_000181,2025-02-19T15:00:19
emp_000136,case_000182,2025-05-06T16:05:26
emp_000142,case_000183,2025-04-09T09:46:18
emp_000473,case_000184,2025-08-18T17:58:57
emp_000403,case_000185,2025-02-10T16:22:26
emp_000317,case_000186,2025-08-14T16:42:47
emp_000489,case_000187,2025-06-11T15:07:25
emp_000016,case_000188,2025-10-22T11:13:24
emp_000098,case_000189,2025-06-16T09:29:25
emp_000104,case_000190,2025-01-13T09:10:54
emp_000397,case_000191,2025-03-17T17:23:43
emp_000339,case_000192,2025-12-04T18:32:24
emp_000227,case_000193,2025-09-22T11:52:47
emp_000425,case_000194,2025-07-21T13:09:49
emp_000487,case_000195,2025-04-03T12:45:21
emp_000098,case_000196,2025-04-11T12:39:11
emp_000191,case_000197,2025-05-15T14:48:06
emp_000499,case_000198,2025-01-24T09:56:11
emp_000397,case_000199,2025-12-03T09:38:37
emp_000009,case_000200,2025-07-23T12:59:59
emp_000450,case_000201,2025-07-09T09:47:37
emp_000213,case_000202,2025-05-16T14:38:46
emp_000394,case_000203,2025-05-06T12:11:20
emp_000124,case_000204,2025-06-17T10:11:21
emp_000425,case_000205,2025-08-04T15:43:24
emp_000191,case_000206,2025-01-07T15:10:08
emp_000180,case_000207,2025-07-26T11:23:58
emp_000385,case_000208,2025-03-25T15:11:15
emp_000394,case_000209,2025-04-15T16:12:27
emp_000227,case_000210,2025-07-15T14:10:52
emp_000153,case_000211,2025-10-10T12:19:30
emp_000448,case_000212,2025-08-11T15:52:09
emp_000339,case_000213,2025-12-22T09:10:19
emp_000577,case_000214,2025-08-25T13:37:19
emp_000033,case_000215,2025-02-24T15:04:50
emp_000243,case_000216,2025-04-30T16:05:57
emp_000578,case_000217,2025-04-21T17:51:35
emp_000418,case_000218,2025-03-30T14:18:22
emp_000425,case_000219,2025-10-10T17:19:35
emp_000205,case_000220,2025-05-02T18:28:50
emp_000579,case_000221,2025-06-20T15:54:19
emp_000435,case_000222,2025-08-11T15:01:35
emp_000487,case_000223,2025-08-05T12:37:54
emp_000401,case_000224,2025-06-24T10:57:04
emp_000108,case_000225,2025-03-10T13:08:52
emp_000421,case_000226,2025-01-09T11:59:54
emp_000214,case_000227,2025-02-03T11:59:46
emp_000154,case_000228,2025-01-24T11:50:04
emp_000472,case_000229,2025-04-24T17:29:44
emp_000088,case_000230,2025-08-25T11:48:26
emp_000185,case_000231,2025-06-09T17:37:48
emp_000448,case_000232,2025-09-12T18:27:52
emp_000563,case_000233,2025-02-07T15:21:58
emp_000243,case_000234,2025-09-25T09:39:10
emp_000241,case_000235,2025-08-28T09:20:32
emp_000385,case_000236,2025-09-01T12:01:09
emp_000360,case_000237,2025-10-23T17:22:19
emp_000136,case_000238,2025-03-14T16:30:11
emp_000493,case_000239,2025-01-07T11:52:18
emp_000190,case_000240,2025-05-11T10:46:12
emp_000104,case_000241,2025-02-05T18:11:31
emp_000207,case_000242,2025-05-05T15:07:33
emp_000178,case_000243,2025-03-04T11:01:37
emp_000578,case_000244,2025-09-25T13:56:41
emp_000448,case_000245,2025-03-18T12:39:45
emp_000136,case_000246,2025-12-22T11:57:13
emp_000153,case_000247,2025-06-02T13:45:24
emp_000207,case_000248,2025-09-01T17:28:01
emp_000178,case_000249,2025-04-24T14:17:39
emp_000141,case_000250,2025-10-13T16:25:54
emp_000465,case_000251,2025-12-08T18:59:17
emp_000561,case_000252,2025-07-18T10:34:57
emp_000561,case_000253,2025-11-24T09:21:17
emp_000088,case_000254,2025-05-22T10:49:40
emp_000213,case_000255,2025-07-14T15:29:03
emp_000185,case_000256,2025-09-01T09:06:06
emp_000136,case_000257,2025-02-10T15:37:10
emp_000285,case_000258,2025-03-20T14:36:32
emp_000227,case_000259,2025-03-10T15:19:33
emp_000579,case_000260,2025-08-22T11:24:49
emp_000180,case_000261,2025-08-18T13:46:05
emp_000205,case_000262,2025-08-25T14:43:40
emp_000397,case_000263,2025-07-30T16:54:21
emp_000191,case_000264,2025-01-07T09:26:38
emp_000191,case_000265,2025-08-07T10:40:00
emp_000207,case_000266,2025-12-08T09:46:07
emp_000579,case_000267,2025-10-06T09:18:13
emp_000448,case_000268,2025-05-28T13:43:05
emp_000122,case_000269,2025-12-23T13:09:20
emp_000499,case_000270,2025-09-12T12:32:33
emp_000178,case_000271,2025-12-22T18:09:21
emp_000371,case_000272,2025-12-01T14:29:48
emp_000520,case_000273,2025-03-07T11:38:54
emp_000493,case_000274,2025-10-29T16:43:46
emp_000577,case_000275,2025-02-14T09:10:30
emp_000385,case_000276,2025-12-01T18:20:05
emp_000450,case_000277,2025-09-08T18:53:59
emp_000475,case_000278,2025-11-17T12:57:53
emp_000371,case_000279,2025-03-18T14:56:57
emp_000448,case_000280,2025-01-29T10:20:44
emp_000471,case_000281,2025-09-17T15:27:50
emp_000388,case_000282,2025-09-05T09:10:25
emp_000302,case_000283,2025-12-18T15:28:19
emp_000371,case_000284,2025-09-01T18:55:35
emp_000179,case_000285,2025-09-17T10:09:55
emp_000408,case_000286,2025-06-05T10:23:13
emp_000145,case_000287,2025-10-07T15:09:57
emp_000122,case_000288,2025-03-03T17:51:57
emp_000400,case_000289,2025-01-01T17:29:51
emp_000254,case_000290,2025-04-28T17:49:55
emp_000285,case_000291,2025-08-18T14:12:20
emp_000195,case_000292,2025-06-09T16:59:14
emp_000078,case_000293,2025-11-09T10:38:02
emp_000213,case_000294,2025-03-17T12:33:24
emp_000497,case_000295,2025-01-27T09:58:02
emp_000453,case_000296,2025-04-21T17:34:54
emp_000243,case_000297,2025-04-23T14:38:20
emp_000360,case_000298,2025-01-17T13:56:45
emp_000142,case_000299,2025-02-15T18:10:25
emp_000153,case_000300,2025-11-19T16:39:56
emp_000195,case_000301,2025-08-29T11:21:30
emp_000122,case_000302,2025-05-19T11:10:44
emp_000339,case_000303,2025-10-20T09:19:30
emp_000317,case_000304,2025-07-14T11:33:24
emp_000397,case_000305,2025-02-26T12:45:39
emp_000487,case_000306,2025-11-21T10:39:27
emp_000352,case_000307,2025-12-23T11:10:33
emp_000432,case_000308,2025-11-26T18:19:16
emp_000122,case_000309,2025-03-03T16:18:02
emp_000450,case_000310,2025-09-15T14:54:11
emp_000098,case_000311,2025-12-23T11:18:29
emp_000122,case_000312,2025-03-31T12:15:29
emp_000408,case_000313,2025-08-06T15:21:41
emp_000191,case_000314,2025-12-15T11:16:22
emp_000448,case_000315,2025-07-07T17:51:05
emp_000561,case_000316,2025-02-28T14:53:29
emp_000577,case_000317,2025-05-01T11:49:52
emp_000472,case_000318,2025-02-28T16:10:54
emp_000493,case_000319,2025-04-14T14:00:17
emp_000465,case_000320,2025-02-03T17:06:21
emp_000153,case_000321,2025-04-07T18:30:46
emp_000563,case_000322,2025-04-14T13:31:38
emp_000450,case_000323,2025-05-06T18:13:59
emp_000499,case_000324,2025-03-05T12:57:52
emp_000141,case_000325,2025-02-17T18:36:10
emp_000180,case_000326,2025-05-05T16:21:52
emp_000489,case_000327,2025-09-15T11:57:22
emp_000297,case_000328,2025-07-23T16:20:43
emp_000285,case_000329,2025-11-24T13:15:23
emp_000254,case_000330,2025-06-09T15:07:18
emp_000520,case_000331,2025-06-24T11:47:31
emp_000033,case_000332,2025-09-23T12:37:08
emp_000016,case_000333,2025-08-28T09:16:14
emp_000207,case_000334,2025-03-25T13:53:47
emp_000227,case_000335,2025-05-20T18:28:41
emp_000207,case_000336,2025-11-10T17:36:58
emp_000499,case_000337,2025-03-31T09:29:04
emp_000403,case_000338,2025-03-03T13:37:46
emp_000088,case_000339,2025-05-05T12:19:35
emp_000563,case_000340,2025-05-29T18:27:35
emp_000153,case_000341,2025-03-03T14:11:48
emp_000587,case_000342,2025-04-30T12:16:22
emp_000471,case_000343,2025-06-02T14:27:14
emp_000448,case_000344,2025-01-14T12:06:34
emp_000397,case_000345,2025-08-07T10:09:49
emp_000453,case_000346,2025-12-08T17:56:48
emp_000113,case_000347,2025-02-06T10:48:17
emp_000124,case_000348,2025-11-18T15:25:33
emp_000317,case_000349,2025-03-27T14:34:40
emp_000243,case_000350,2025-02-11T17:10:59
emp_000108,case_000351,2025-01-06T18:07:35
emp_000191,case_000352,2025-02-10T15:16:09
emp_000227,case_000353,2025-11-23T13:03:29
emp_000394,case_000354,2025-10-02T11:33:21
emp_000448,case_000355,2025-10-01T10:50:57
emp_000489,case_000356,2025-12-12T16:24:48
emp_000493,case_000357,2025-11-03T10:35:11
emp_000384,case_000358,2025-07-24T09:50:03
emp_000178,case_000359,2025-02-27T17:02:51
emp_000136,case_000360,2025-08-14T14:00:15
emp_000493,case_000361,2025-07-18T12:38:59
emp_000185,case_000362,2025-04-17T15:30:44
emp_000489,case_000363,2025-04-30T18:47:00
emp_000578,case_000364,2025-11-10T16:43:33
emp_000579,case_000365,2025-02-17T18:03:28
emp_000364,case_000366,2025-06-13T10:16:45
emp_000371,case_000367,2025-02-17T18:28:05
emp_000289,case_000368,2025-11-14T13:01:19
emp_000173,case_000369,2025-02-03T09:54:33
emp_000122,case_000370,2025-12-02T10:07:17
emp_000180,case_000371,2025-04-03T16:59:45
emp_000371,case_000372,2025-10-08T09:21:21
emp_000403,case_000373,2025-08-07T11:17:35
emp_000401,case_000374,2025-04-07T17:47:08
emp_000465,case_000375,2025-08-08T16:01:52
emp_000465,case_000376,2025-12-22T17:33:01
emp_000453,case_000377,2025-04-30T11:42:50
emp_000012,case_000378,2025-09-25T16:46:11
emp_000418,case_000379,2025-10-20T13:35:00
emp_000579,case_000380,2025-07-28T17:01:14
emp_000104,case_000381,2025-09-01T13:46:41
emp_000141,case_000382,2025-04-07T16:04:20
emp_000577,case_000383,2025-09-12T10:04:16
emp_000195,case_000384,2025-04-09T14:09:08
emp_000302,case_000385,2025-08-21T09:11:21
emp_000190,case_000386,2025-02-14T16:41:16
emp_000147,case_000387,2025-09-17T09:04:15
emp_000016,case_000388,2025-06-25T11:44:18
emp_000094,case_000389,2025-12-22T18:48:15
emp_000448,case_000390,2025-07-28T09:14:41
emp_000136,case_000391,2025-07-14T13:24:40
emp_000364,case_000392,2025-10-09T17:20:19
emp_000205,case_000393,2025-10-22T18:15:40
emp_000587,case_000394,2025-01-02T16:14:36
emp_000207,case_000395,2025-10-27T17:55:08
emp_000577,case_000396,2025-09-23T10:07:35
emp_000122,case_000397,2025-10-16T12:08:47
emp_000088,case_000398,2025-02-25T17:23:47
emp_000448,case_000399,2025-01-28T15:32:43
emp_000499,case_000400,2025-08-21T14:31:35
emp_000472,case_000401,2025-07-21T09:54:40
emp_000352,case_000402,2025-09-15T17:23:42
emp_000360,case_000403,2025-10-22T14:44:40
emp_000098,case_000404,2025-06-09T15:48:37
emp_000094,case_000405,2025-02-07T09:19:37
emp_000439,case_000406,2025-09-15T11:09:59
emp_000109,case_000407,2025-05-08T13:30:44
emp_000472,case_000408,2025-02-04T12:33:19
emp_000403,case_000409,2025-03-18T12:25:42
emp_000473,case_000410,2025-06-16T15:01:19
emp_000122,case_000411,2025-05-13T09:25:29
emp_000207,case_000412,2025-11-03T13:55:48
emp_000227,case_000413,2025-07-07T09:43:26
emp_000207,case_000414,2025-10-29T11:59:06
emp_000384,case_000415,2025-09-16T16:53:34
emp_000453,case_000416,2025-07-10T09:10:07
emp_000471,case_000417,2025-01-07T16:33:33
emp_000302,case_000418,2025-04-21T11:07:56
emp_000109,case_000419,2025-08-22T15:02:59
emp_000400,case_000420,2025-02-26T09:46:55
emp_000388,case_000421,2025-11-07T12:45:22
emp_000104,case_000422,2025-02-03T16:29:55
emp_000471,case_000423,2025-03-24T14:53:44
emp_000435,case_000424,2025-08-20T11:37:45
emp_000289,case_000425,2025-12-22T09:53:42
emp_000094,case_000426,2025-08-25T18:43:06
emp_000178,case_000427,2025-08-08T14:01:59
emp_000289,case_000428,2025-04-01T16:59:40
emp_000195,case_000429,2025-12-15T10:56:26
emp_000173,case_000430,2025-05-28T12:31:39
emp_000227,case_000431,2025-04-21T12:26:24
emp_000104,case_000432,2025-02-14T16:53:45
emp_000147,case_000433,2025-01-01T14:33:42
emp_000471,case_000434,2025-07-11T13:11:28
emp_000465,case_000435,2025-10-31T15:51:16
emp_000153,case_000436,2025-06-03T16:15:12
emp_000453,case_000437,2025-04-23T12:01:17
emp_000339,case_000438,2025-04-23T14:42:15
emp_000317,case_000439,2025-02-18T12:49:20
emp_000205,case_000440,2025-12-02T17:53:21
emp_000453,case_000441,2025-02-27T14:36:39
emp_000563,case_000442,2025-01-20T10:42:27
emp_000136,case_000443,2025-09-08T17:54:55
emp_000493,case_000444,2025-08-18T14:49:36
emp_000191,case_000445,2025-03-27T15:10:58
emp_000520,case_000446,2025-12-01T11:51:38
emp_000104,case_000447,2025-12-18T14:57:12
emp_000493,case_000448,2025-03-19T12:36:50
emp_000190,case_000449,2025-09-18T11:47:55
emp_000179,case_000450,2025-06-05T15:09:22
emp_000254,case_000451,2025-05-12T14:40:03
emp_000317,case_000452,2025-11-05T18:21:37
emp_000154,case_000453,2025-08-28T14:14:49
emp_000214,case_000454,2025-02-20T11:27:39
emp_000009,case_000455,2025-07-14T09:08:39
emp_000401,case_000456,2025-12-09T10:26:36
emp_000285,case_000457,2025-10-24T12:10:41
emp_000108,case_000458,2025-01-13T16:04:22
emp_000173,case_000459,2025-06-19T12:49:44
emp_000577,case_000460,2025-03-17T09:51:07
emp_000563,case_000461,2025-05-09T15:20:56
emp_000141,case_000462,2025-07-04T15:23:48
emp_000190,case_000463,2025-07-10T13:52:49
emp_000033,case_000464,2025-05-06T18:43:32
emp_000147,case_000465,2025-10-14T12:33:45
emp_000179,case_000466,2025-02-20T11:04:51
emp_000185,case_000467,2025-04-18T16:27:12
emp_000214,case_000468,2025-11-24T17:09:30
emp_000401,case_000469,2025-12-19T18:41:32
emp_000364,case_000470,2025-05-12T14:30:33
emp_000450,case_000471,2025-10-16T10:07:14
emp_000207,case_000472,2025-01-02T14:11:35
emp_000385,case_000473,2025-04-30T13:46:08
emp_000088,case_000474,2025-02-13T17:34:16
emp_000401,case_000475,2025-01-22T16:19:59
emp_000388,case_000476,2025-12-19T16:03:04
emp_000587,case_000477,2025-08-30T10:22:23
emp_000178,case_000478,2025-01-14T11:07:54
emp_000180,case_000479,2025-08-14T13:12:36
emp_000141,case_000480,2025-11-13T09:38:27
emp_000088,case_000481,2025-08-04T11:13:36
emp_000400,case_000482,2025-06-02T18:01:27
emp_000499,case_000483,2025-03-04T16:46:07
emp_000124,case_000484,2025-10-20T10:06:36
emp_000421,case_000485,2025-09-01T18:17:36
emp_000016,case_000486,2025-05-21T09:59:11
emp_000408,case_000487,2025-09-15T15:48:10
emp_000016,case_000488,2025-08-07T18:10:40
emp_000401,case_000489,2025-03-04T14:43:20
emp_000243,case_000490,2025-09-08T18:06:14
emp_000297,case_000491,2025-07-17T12:09:06
emp_000432,case_000492,2025-02-20T15:38:26
emp_000400,case_000493,2025-05-02T15:09:44
emp_000408,case_000494,2025-09-09T16:15:14
emp_000384,case_000495,2025-05-15T12:55:41
emp_000364,case_000496,2025-11-10T15:09:50
emp_000385,case_000497,2025-05-12T11:19:57
emp_000493,case_000498,2025-03-31T16:10:25
emp_000520,case_000499,2025-09-15T16:12:02
emp_000432,case_000500,2025-05-06T17:30:13
emp_000401,case_000501,2025-02-18T12:01:30
emp_000078,case_000502,2025-10-03T13:36:19
emp_000572,case_000503,2025-01-13T17:22:41
emp_000153,case_000504,2025-05-07T10:43:14
emp_000577,case_000505,2025-01-14T10:06:39
emp_000475,case_000506,2025-06-09T15:22:39
emp_000241,case_000507,2025-07-14T10:59:13
emp_000241,case_000508,2025-08-05T18:03:03
emp_000453,case_000509,2025-04-21T15:00:45
emp_000472,case_000510,2025-10-09T11:50:10
emp_000243,case_000511,2025-11-12T17:26:39
emp_000173,case_000512,2025-02-26T14:17:35
emp_000179,case_000513,2025-02-21T17:52:48
emp_000289,case_000514,2025-08-16T12:37:13
emp_000012,case_000515,2025-01-20T17:35:56
emp_000561,case_000516,2025-11-06T11:35:51
emp_000448,case_000517,2025-04-07T17:16:12
emp_000577,case_000518,2025-09-25T18:16:19
emp_000508,case_000519,2025-06-09T16:14:55
emp_000563,case_000520,2025-05-02T09:21:19
emp_000205,case_000521,2025-01-31T15:33:45
emp_000577,case_000522,2025-11-27T10:48:44
emp_000109,case_000523,2025-01-24T16:25:24
emp_000397,case_000524,2025-06-02T12:25:45
emp_000448,case_000525,2025-10-07T15:12:24
emp_000094,case_000526,2025-04-30T14:29:05
emp_000113,case_000527,2025-07-22T09:16:08
emp_000078,case_000528,2025-06-06T16:11:08
emp_000302,case_000529,2025-10-14T18:34:38
emp_000394,case_000530,2025-10-06T12:25:36
emp_000388,case_000531,2025-01-23T15:54:55
emp_000563,case_000532,2025-10-06T18:40:04
emp_000104,case_000533,2025-10-20T16:49:50
emp_000078,case_000534,2025-03-18T09:41:10
emp_000508,case_000535,2025-01-03T15:42:24
emp_000153,case_000536,2025-06-18T12:28:41
emp_000425,case_000537,2025-10-20T18:23:39
emp_000153,case_000538,2025-03-07T13:45:32
emp_000136,case_000539,2025-12-29T17:27:55
emp_000385,case_000540,2025-12-03T11:37:19
emp_000009,case_000541,2025-06-23T15:55:47
emp_000493,case_000542,2025-11-25T17:31:23
emp_000587,case_000543,2025-06-12T15:34:13
emp_000384,case_000544,2025-04-02T16:41:23
emp_000572,case_000545,2025-07-09T17:52:09
emp_000352,case_000546,2025-06-17T14:58:25
emp_000352,case_000547,2025-12-03T09:34:00
emp_000432,case_000548,2025-03-25T10:04:33
emp_000578,case_000549,2025-03-13T15:25:12
emp_000098,case_000550,2025-02-03T09:00:31
emp_000009,case_000551,2025-11-24T11:52:10
emp_000578,case_000552,2025-10-29T15:02:05
emp_000241,case_000553,2025-12-05T14:57:03
emp_000009,case_000554,2025-03-26T17:02:06
emp_000136,case_000555,2025-09-01T12:34:00
emp_000499,case_000556,2025-09-08T11:54:45
emp_000207,case_000557,2025-04-10T12:12:08
emp_000432,case_000558,2025-01-10T09:28:47
emp_000289,case_000559,2025-01-20T16:31:15
emp_000243,case_000560,2025-09-29T17:35:05
emp_000178,case_000561,2025-03-15T12:44:40
emp_000104,case_000562,2025-02-28T14:43:59
emp_000388,case_000563,2025-10-20T18:30:49
emp_000453,case_000564,2025-05-12T11:20:24
emp_000497,case_000565,2025-01-15T15:41:17
emp_000453,case_000566,2025-08-18T10:33:37
emp_000339,case_000567,2025-03-03T10:45:12
emp_000587,case_000568,2025-03-17T15:49:29
emp_000587,case_000569,2025-04-17T10:49:18
emp_000141,case_000570,2025-11-06T12:25:11
emp_000153,case_000571,2025-09-24T12:53:45
emp_000475,case_000572,2025-09-11T14:42:55
emp_000241,case_000573,2025-09-08T14:42:19
emp_000400,case_000574,2025-08-29T13:13:57
emp_000360,case_000575,2025-04-21T11:42:28
emp_000577,case_000576,2025-08-28T12:45:26
emp_000458,case_000577,2025-09-26T10:39:43
emp_000214,case_000578,2025-07-14T11:06:15
emp_000579,case_000579,2025-01-27T17:10:20
emp_000104,case_000580,2025-12-25T09:37:30
emp_000352,case_000581,2025-08-15T14:29:27
emp_000141,case_000582,2025-05-06T18:17:14
emp_000465,case_000583,2025-06-03T10:19:01
emp_000109,case_000584,2025-09-29T14:57:17
emp_000473,case_000585,2025-08-28T16:52:46
emp_000385,case_000586,2025-04-07T16:54:19
emp_000124,case_000587,2025-07-03T13:05:43
emp_000109,case_000588,2025-04-04T13:38:03
emp_000145,case_000589,2025-12-19T17:33:10
emp_000497,case_000590,2025-08-07T14:00:51
emp_000142,case_000591,2025-01-29T14:58:35
emp_000339,case_000592,2025-11-28T12:36:11
emp_000180,case_000593,2025-10-20T11:39:38
emp_000227,case_000594,2025-12-03T13:49:27
emp_000401,case_000595,2025-09-08T12:28:10
emp_000012,case_000596,2025-11-24T13:14:13
emp_000403,case_000597,2025-11-08T09:15:49
emp_000154,case_000598,2025-06-20T10:08:49
emp_000421,case_000599,2025-10-02T13:01:05
emp_000472,case_000600,2025-08-11T14:17:10
emp_000473,case_000601,2025-07-02T17:12:45
emp_000401,case_000602,2025-02-21T15:19:21
emp_000098,case_000603,2025-05-12T11:11:56
emp_000153,case_000604,2025-11-24T11:45:07
emp_000009,case_000605,2025-05-01T14:31:03
emp_000403,case_000606,2025-06-30T11:02:16
emp_000254,case_000607,2025-02-10T10:10:32
emp_000384,case_000608,2025-12-15T10:18:05
emp_000339,case_000609,2025-07-28T14:54:44
emp_000339,case_000610,2025-09-25T10:50:55
emp_000243,case_000611,2025-11-25T09:50:08
emp_000421,case_000612,2025-08-26T11:50:32
emp_000487,case_000613,2025-08-13T18:47:20
emp_000384,case_000614,2025-06-07T15:36:44
emp_000223,case_000615,2025-06-09T10:43:04
emp_000587,case_000616,2025-11-05T16:16:48
emp_000142,case_000617,2025-02-07T16:13:46
emp_000109,case_000618,2025-03-10T12:26:59
emp_000364,case_000619,2025-08-16T14:41:12
emp_000109,case_000620,2025-03-19T16:01:24
emp_000497,case_000621,2025-12-01T10:24:45
emp_000098,case_000622,2025-03-26T18:43:36
emp_000285,case_000623,2025-04-10T18:15:35
emp_000508,case_000624,2025-02-05T12:09:04
emp_000360,case_000625,2025-07-22T14:20:14
emp_000403,case_000626,2025-11-11T18:51:07
emp_000401,case_000627,2025-04-21T15:27:37
emp_000136,case_000628,2025-12-03T13:16:46
emp_000352,case_000629,2025-06-29T16:42:17
emp_000109,case_000630,2025-09-02T17:00:49
emp_000185,case_000631,2025-02-04T12:54:27
emp_000016,case_000632,2025-02-03T12:34:51
emp_000520,case_000633,2025-06-13T13:25:08
emp_000078,case_000634,2025-05-06T11:32:02
emp_000385,case_000635,2025-09-23T17:11:01
emp_000475,case_000636,2025-02-21T10:13:31
emp_000579,case_000637,2025-11-19T15:06:45
emp_000448,case_000638,2025-09-18T11:53:44
emp_000185,case_000639,2025-07-10T15:38:19
emp_000142,case_000640,2025-03-31T14:34:43
emp_000508,case_000641,2025-08-08T17:19:37
emp_000254,case_000642,2025-07-22T14:39:27
emp_000408,case_000643,2025-03-05T10:33:54
emp_000145,case_000644,2025-08-15T12:38:43
emp_000493,case_000645,2025-06-03T17:20:40
emp_000009,case_000646,2025-11-17T15:44:32
emp_000178,case_000647,2025-05-29T12:14:15
emp_000487,case_000648,2025-08-08T15:18:34
emp_000214,case_000649,2025-07-02T12:38:06
emp_000213,case_000650,2025-11-09T18:24:39
emp_000190,case_000651,2025-01-30T17:10:31
emp_000297,case_000652,2025-11-18T11:37:39
emp_000577,case_000653,2025-07-02T18:46:40
emp_000587,case_000654,2025-09-30T16:59:49
emp_000475,case_000655,2025-05-12T11:57:01
emp_000472,case_000656,2025-06-10T18:10:15
emp_000572,case_000657,2025-08-18T16:36:25
emp_000465,case_000658,2025-11-10T13:43:39
emp_000147,case_000659,2025-09-29T14:43:53
emp_000487,case_000660,2025-05-20T09:29:28
emp_000450,case_000661,2025-02-24T11:48:53
emp_000465,case_000662,2025-12-08T14:25:07
emp_000403,case_000663,2025-01-01T17:22:06
emp_000195,case_000664,2025-11-10T09:53:04
emp_000403,case_000665,2025-04-17T13:13:44
emp_000179,case_000666,2025-07-22T09:42:56
emp_000285,case_000667,2025-06-30T13:07:32
emp_000016,case_000668,2025-01-01T16:07:23
emp_000078,case_000669,2025-03-10T16:51:23
emp_000124,case_000670,2025-02-25T17:31:40
emp_000579,case_000671,2025-09-22T17:14:50
emp_000587,case_000672,2025-05-23T16:30:24
emp_000418,case_000673,2025-01-06T17:09:33
emp_000493,case_000674,2025-05-15T12:38:05
emp_000397,case_000675,2025-09-25T15:49:37
emp_000213,case_000676,2025-04-05T13:31:44
emp_000243,case_000677,2025-07-07T13:11:43
emp_000173,case_000678,2025-03-24T15:46:02
emp_000302,case_000679,2025-06-16T15:59:00
emp_000145,case_000680,2025-03-20T16:56:38
emp_000098,case_000681,2025-06-24T17:45:54
emp_000078,case_000682,2025-09-10T10:53:44
emp_000297,case_000683,2025-12-16T16:16:07
emp_000384,case_000684,2025-09-16T12:10:14
emp_000394,case_000685,2025-06-18T17:53:45
emp_000435,case_000686,2025-12-09T14:43:10
emp_000180,case_000687,2025-11-17T11:20:45
emp_000297,case_000688,2025-05-26T12:10:59
emp_000577,case_000689,2025-05-16T09:00:39
emp_000448,case_000690,2025-08-08T15:50:59
emp_000448,case_000691,2025-10-27T11:14:13
emp_000185,case_000692,2025-04-24T16:32:58
emp_000098,case_000693,2025-06-19T16:07:57
emp_000088,case_000694,2025-11-03T17:22:50
emp_000371,case_000695,2025-06-18T09:39:21
emp_000173,case_000696,2025-02-03T15:00:07
emp_000397,case_000697,2025-01-09T13:05:43
emp_000472,case_000698,2025-08-20T12:42:19
emp_000473,case_000699,2025-06-02T17:17:12
emp_000561,case_000700,2025-10-28T15:21:46
emp_000285,case_000701,2025-04-14T15:15:33
emp_000499,case_000702,2025-08-08T18:49:25
emp_000493,case_000703,2025-09-08T18:58:23
emp_000385,case_000704,2025-05-28T15:41:16
emp_000153,case_000705,2025-03-14T11:53:06
emp_000108,case_000706,2025-06-09T10:54:27
emp_000561,case_000707,2025-05-09T13:40:51
emp_000432,case_000708,2025-05-31T10:04:17
emp_000403,case_000709,2025-05-20T10:48:40
emp_000016,case_000710,2025-06-23T15:38:15
emp_000458,case_000711,2025-11-21T13:34:42
emp_000360,case_000712,2025-02-03T10:58:25
emp_000136,case_000713,2025-06-13T15:33:01
emp_000401,case_000714,2025-06-10T13:24:47
emp_000561,case_000715,2025-09-29T15:49:18
emp_000577,case_000716,2025-05-05T17:23:26
emp_000561,case_000717,2025-11-11T10:55:24
emp_000397,case_000718,2025-01-09T09:43:15
emp_000388,case_000719,2025-02-03T12:48:56
emp_000088,case_000720,2025-03-24T17:46:14
emp_000088,case_000721,2025-02-17T12:46:09
emp_000401,case_000722,2025-05-13T13:58:06
emp_000179,case_000723,2025-01-27T17:05:21
emp_000078,case_000724,2025-09-23T18:39:19
emp_000124,case_000725,2025-10-21T18:55:37
emp_000472,case_000726,2025-06-09T15:43:15
emp_000180,case_000727,2025-05-19T09:35:32
emp_000113,case_000728,2025-07-04T13:45:40
emp_000577,case_000729,2025-10-09T15:23:59
emp_000453,case_000730,2025-07-14T09:58:27
emp_000579,case_000731,2025-08-07T10:05:34
emp_000214,case_000732,2025-03-10T16:43:45
emp_000180,case_000733,2025-11-24T12:37:44
emp_000394,case_000734,2025-01-27T10:31:41
emp_000243,case_000735,2025-11-17T18:55:03
emp_000191,case_000736,2025-08-07T14:25:56
emp_000371,case_000737,2025-09-26T09:25:11
emp_000471,case_000738,2025-08-05T09:33:20
emp_000403,case_000739,2025-05-16T12:44:28
emp_000241,case_000740,2025-02-10T18:07:18
emp_000487,case_000741,2025-11-10T10:54:07
emp_000185,case_000742,2025-04-24T09:41:12
emp_000098,case_000743,2025-10-27T13:04:28
emp_000394,case_000744,2025-02-26T15:50:15
emp_000497,case_000745,2025-06-18T12:43:02
emp_000487,case_000746,2025-03-28T14:45:15
emp_000185,case_000747,2025-08-28T16:35:36
emp_000205,case_000748,2025-01-20T13:18:31
emp_000227,case_000749,2025-08-18T11:12:40
emp_000213,case_000750,2025-11-10T16:23:03
emp_000178,case_000751,2025-03-18T18:58:17
emp_000033,case_000752,2025-11-03T12:52:50
emp_000385,case_000753,2025-01-01T13:44:41
emp_000425,case_000754,2025-03-31T13:12:54
emp_000489,case_000755,2025-12-09T10:21:09
emp_000122,case_000756,2025-03-07T13:23:54
emp_000388,case_000757,2025-09-29T09:41:36
emp_000254,case_000758,2025-11-03T16:52:49
emp_000475,case_000759,2025-07-14T10:03:13
emp_000195,case_000760,2025-01-09T09:41:24
emp_000432,case_000761,2025-01-08T16:25:41
emp_000435,case_000762,2025-11-10T16:59:49
emp_000384,case_000763,2025-11-06T16:53:45
emp_000227,case_000764,2025-11-25T11:55:13
emp_000213,case_000765,2025-04-10T09:41:29
emp_000098,case_000766,2025-08-22T18:58:36
emp_000401,case_000767,2025-04-02T12:50:53
emp_000190,case_000768,2025-06-27T17:24:13
emp_000124,case_000769,2025-09-29T17:50:13
emp_000317,case_000770,2025-12-09T16:23:12
emp_000418,case_000771,2025-12-25T16:04:17
emp_000104,case_000772,2025-08-27T11:07:34
emp_000302,case_000773,2025-06-26T15:48:44
emp_000109,case_000774,2025-06-12T14:32:59
emp_000136,case_000775,2025-01-27T17:59:44
emp_000403,case_000776,2025-07-16T14:35:01
emp_000563,case_000777,2025-05-24T17:42:07
emp_000403,case_000778,2025-09-02T11:58:19
emp_000241,case_000779,2025-06-27T11:42:24
emp_000285,case_000780,2025-01-07T12:33:43
emp_000317,case_000781,2025-07-30T12:25:50
emp_000435,case_000782,2025-06-18T13:38:46
emp_000371,case_000783,2025-10-01T11:56:39
emp_000094,case_000784,2025-07-03T14:56:32
emp_000450,case_000785,2025-10-27T11:05:44
emp_000432,case_000786,2025-12-24T12:17:21
emp_000499,case_000787,2025-12-09T10:58:16
emp_000489,case_000788,2025-12-12T12:05:42
emp_000497,case_000789,2025-07-08T13:18:49
emp_000178,case_000790,2025-11-06T13:25:18
emp_000223,case_000791,2025-03-17T11:09:50
emp_000352,case_000792,2025-03-11T17:55:35
emp_000408,case_000793,2025-10-13T18:32:41
emp_000142,case_000794,2025-06-30T11:14:19
emp_000385,case_000795,2025-03-18T12:33:46
emp_000561,case_000796,2025-03-31T12:52:43
emp_000384,case_000797,2025-04-21T14:35:54
emp_000302,case_000798,2025-09-25T09:26:47
emp_000179,case_000799,2025-12-08T18:33:55
emp_000388,case_000800,2025-03-17T09:52:10
emp_000205,case_000801,2025-07-02T09:49:10
emp_000173,case_000802,2025-06-05T11:25:09
emp_000145,case_000803,2025-04-16T11:38:07
emp_000173,case_000804,2025-01-29T11:03:18
emp_000418,case_000805,2025-08-29T14:37:57
emp_000223,case_000806,2025-11-26T16:22:08
emp_000178,case_000807,2025-06-16T11:33:21
emp_000243,case_000808,2025-12-26T12:57:22
emp_000471,case_000809,2025-10-06T09:29:11
emp_000214,case_000810,2025-05-12T15:21:52
emp_000388,case_000811,2025-04-24T13:33:03
emp_000141,case_000812,2025-06-16T16:36:03
emp_000191,case_000813,2025-03-25T11:22:31
emp_000577,case_000814,2025-10-20T12:55:18
emp_000213,case_000815,2025-03-17T15:36:34
emp_000302,case_000816,2025-09-15T09:48:43
emp_000397,case_000817,2025-05-02T13:51:47
emp_000207,case_000818,2025-10-13T10:10:56
emp_000432,case_000819,2025-05-26T17:54:58
emp_000154,case_000820,2025-08-10T12:33:24
emp_000136,case_000821,2025-06-12T15:10:58
emp_000154,case_000822,2025-01-27T16:40:57
emp_000180,case_000823,2025-09-23T16:45:18
emp_000408,case_000824,2025-08-07T12:08:04
emp_000094,case_000825,2025-03-17T16:05:26
emp_000124,case_000826,2025-12-11T14:22:23
emp_000113,case_000827,2025-09-18T10:46:10
emp_000190,case_000828,2025-05-28T18:51:52
emp_000094,case_000829,2025-12-08T17:00:49
emp_000561,case_000830,2025-06-30T09:32:25
emp_000587,case_000831,2025-04-01T13:36:47
emp_000400,case_000832,2025-01-06T10:59:10
emp_000191,case_000833,2025-08-01T13:23:29
emp_000223,case_000834,2025-11-14T09:34:23
emp_000136,case_000835,2025-12-10T11:43:41
emp_000408,case_000836,2025-01-21T09:05:21
emp_000243,case_000837,2025-07-28T17:15:27
emp_000401,case_000838,2025-07-25T12:49:41
emp_000520,case_000839,2025-02-07T13:51:02
emp_000572,case_000840,2025-12-13T11:04:15
emp_000497,case_000841,2025-11-04T16:46:29
emp_000147,case_000842,2025-10-27T18:55:09
emp_000563,case_000843,2025-03-19T18:14:06
emp_000173,case_000844,2025-11-28T12:11:51
emp_000180,case_000845,2025-11-14T10:23:01
emp_000317,case_000846,2025-11-26T10:02:25
emp_000397,case_000847,2025-12-18T14:34:48
emp_000285,case_000848,2025-10-27T13:58:12
emp_000153,case_000849,2025-07-14T17:55:50
emp_000214,case_000850,2025-06-10T09:40:47
emp_000397,case_000851,2025-02-26T09:46:43
emp_000124,case_000852,2025-12-15T09:28:20
emp_000499,case_000853,2025-07-18T10:46:39
emp_000124,case_000854,2025-12-19T13:34:16
emp_000190,case_000855,2025-07-05T11:44:46
emp_000403,case_000856,2025-05-08T14:29:29
emp_000145,case_000857,2025-09-24T17:40:04
emp_000578,case_000858,2025-04-10T16:41:12
emp_000241,case_000859,2025-04-21T15:19:15
emp_000113,case_000860,2025-05-02T15:52:40
emp_000388,case_000861,2025-10-08T16:03:29
emp_000520,case_000862,2025-10-10T11:38:23
emp_000207,case_000863,2025-03-17T14:05:23
emp_000388,case_000864,2025-04-12T12:00:56
emp_000213,case_000865,2025-08-19T16:50:18
emp_000384,case_000866,2025-04-09T18:46:06
emp_000489,case_000867,2025-03-17T15:19:14
emp_000141,case_000868,2025-11-12T10:51:55
emp_000439,case_000869,2025-06-02T12:11:42
emp_000173,case_000870,2025-12-01T12:22:02
emp_000180,case_000871,2025-10-08T18:55:15
emp_000213,case_000872,2025-01-13T09:49:02
emp_000147,case_000873,2025-07-09T14:20:46
emp_000439,case_000874,2025-05-02T10:40:00
emp_000207,case_000875,2025-03-24T13:33:54
emp_000213,case_000876,2025-02-07T14:32:36
emp_000397,case_000877,2025-04-14T09:04:46
emp_000317,case_000878,2025-04-07T09:55:35
emp_000421,case_000879,2025-12-08T11:21:06
emp_000243,case_000880,2025-07-11T15:18:32
emp_000213,case_000881,2025-10-20T13:27:28
emp_000435,case_000882,2025-07-03T15:20:16
emp_000153,case_000883,2025-05-08T17:44:24
emp_000214,case_000884,2025-05-19T10:17:07
emp_000317,case_000885,2025-10-06T16:17:46
emp_000577,case_000886,2025-08-18T13:13:18
emp_000173,case_000887,2025-08-15T17:42:42
emp_000142,case_000888,2025-07-04T10:14:47
emp_000403,case_000889,2025-02-10T10:23:21
emp_000154,case_000890,2025-11-13T15:47:17
emp_000289,case_000891,2025-02-20T09:50:13
emp_000098,case_000892,2025-07-28T16:32:14
emp_000448,case_000893,2025-04-08T16:05:20
emp_000421,case_000894,2025-04-05T16:51:27
emp_000563,case_000895,2025-12-31T09:43:29
emp_000145,case_000896,2025-07-07T14:27:22
emp_000465,case_000897,2025-09-24T13:22:10
emp_000578,case_000898,2025-06-27T14:09:35
emp_000475,case_000899,2025-06-04T18:50:20
emp_000227,case_000900,2025-03-13T14:20:16
emp_000489,case_000901,2025-12-04T11:47:58
emp_000384,case_000902,2025-07-03T09:15:09
emp_000147,case_000903,2025-11-07T13:23:59
emp_000223,case_000904,2025-02-04T11:36:24
emp_000142,case_000905,2025-03-18T11:47:51
emp_000214,case_000906,2025-02-17T13:28:02
emp_000213,case_000907,2025-07-16T10:20:51
emp_000352,case_000908,2025-01-28T12:19:57
emp_000254,case_000909,2025-07-21T14:25:25
emp_000577,case_000910,2025-10-23T13:36:29
emp_000317,case_000911,2025-07-30T12:19:52
emp_000179,case_000912,2025-07-28T14:13:30
emp_000088,case_000913,2025-04-28T15:55:03
emp_000213,case_000914,2025-02-24T18:20:33
emp_000371,case_000915,2025-10-20T09:28:08
emp_000388,case_000916,2025-09-22T13:47:38
emp_000009,case_000917,2025-03-13T13:43:14
emp_000563,case_000918,2025-05-12T12:19:50
emp_000394,case_000919,2025-01-24T12:49:06
emp_000104,case_000920,2025-04-09T12:45:43
emp_000520,case_000921,2025-10-27T09:25:48
emp_000487,case_000922,2025-10-13T12:32:43
emp_000108,case_000923,2025-03-13T10:05:13
emp_000147,case_000924,2025-07-07T15:11:35
emp_000561,case_000925,2025-08-29T18:55:17
emp_000213,case_000926,2025-07-21T14:33:34
emp_000418,case_000927,2025-03-24T14:59:51
emp_000578,case_000928,2025-06-16T09:04:17
emp_000195,case_000929,2025-03-17T15:32:59
emp_000145,case_000930,2025-06-23T18:06:05
emp_000388,case_000931,2025-05-30T14:55:04
emp_000145,case_000932,2025-06-20T12:35:06
emp_000094,case_000933,2025-01-02T15:18:43
emp_000124,case_000934,2025-03-13T11:50:50
emp_000289,case_000935,2025-10-28T11:01:10
emp_000572,case_000936,2025-01-06T18:32:17
emp_000572,case_000937,2026-01-01T17:18:09
emp_000421,case_000938,2025-07-21T16:00:08
emp_000153,case_000939,2025-08-25T11:49:05
emp_000109,case_000940,2025-02-28T12:03:49
emp_000145,case_000941,2025-07-02T15:18:55
emp_000122,case_000942,2025-02-24T10:42:45
emp_000108,case_000943,2025-06-23T14:13:54
emp_000191,case_000944,2025-03-10T12:38:37
emp_000435,case_000945,2025-07-02T10:54:26
emp_000439,case_000946,2025-04-14T10:38:26
emp_000448,case_000947,2025-01-03T11:06:29
emp_000577,case_000948,2025-10-13T09:41:34
emp_000473,case_000949,2025-04-04T17:21:58
emp_000088,case_000950,2025-12-23T17:16:52
emp_000142,case_000951,2025-03-03T12:19:34
emp_000145,case_000952,2025-07-21T16:34:32
emp_000473,case_000953,2025-10-26T09:12:25
emp_000033,case_000954,2025-11-05T16:36:31
emp_000145,case_000955,2025-08-07T10:42:45
emp_000185,case_000956,2025-10-21T17:03:12
emp_000213,case_000957,2025-02-20T13:46:39
emp_000421,case_000958,2025-07-29T17:39:45
emp_000179,case_000959,2025-03-12T16:19:26
emp_000572,case_000960,2025-02-10T12:10:31
emp_000493,case_000961,2025-11-28T10:29:07
emp_000400,case_000962,2025-05-08T12:11:56
emp_000360,case_000963,2025-02-11T16:59:11
emp_000190,case_000964,2025-07-17T11:41:42
emp_000113,case_000965,2025-12-22T10:34:12
emp_000145,case_000966,2025-11-17T13:58:14
emp_000179,case_000967,2025-04-28T17:05:02
emp_000289,case_000968,2025-02-10T17:17:49
emp_000561,case_000969,2025-05-12T15:32:36
emp_000179,case_000970,2025-02-26T15:13:51
emp_000104,case_000971,2025-06-18T13:41:04
emp_000213,case_000972,2025-10-13T15:28:02
emp_000009,case_000973,2025-03-17T17:17:15
emp_000499,case_000974,2025-07-29T09:50:24
emp_000227,case_000975,2025-02-10T18:11:32
emp_000439,case_000976,2025-02-10T12:07:45
emp_000360,case_000977,2025-08-18T18:41:34
emp_000124,case_000978,2025-02-14T17:53:54
emp_000213,case_000979,2025-10-20T17:42:46
emp_000400,case_000980,2025-06-26T11:25:02
emp_000572,case_000981,2025-03-24T13:55:31
emp_000227,case_000982,2025-04-04T11:55:21
emp_000154,case_000983,2025-07-21T13:20:52
emp_000432,case_000984,2025-03-31T10:20:44
emp_000450,case_000985,2025-07-16T13:14:17
emp_000520,case_000986,2025-07-08T10:54:54
emp_000223,case_000987,2025-08-18T09:47:38
emp_000435,case_000988,2025-12-23T15:00:13
emp_000401,case_000989,2025-10-12T09:06:57
emp_000180,case_000990,2025-06-02T11:10:00
emp_000339,case_000991,2025-08-04T17:39:03
emp_000205,case_000992,2025-06-09T10:30:46
emp_000497,case_000993,2025-11-17T17:13:49
emp_000033,case_000994,2025-07-14T11:10:30
emp_000113,case_000995,2025-08-18T13:55:40
emp_000180,case_000996,2025-01-30T13:16:13
emp_000403,case_000997,2025-05-21T17:16:08
emp_000241,case_000998,2025-03-16T18:46:47
emp_000385,case_000999,2025-07-29T14:17:25
emp_000418,case_001000,2025-07-21T16:08:55
emp_000179,case_001001,2025-03-04T16:09:51
emp_000472,case_001002,2025-03-20T12:53:59
emp_000432,case_001003,2025-07-30T11:05:02
emp_000397,case_001004,2025-12-26T14:16:27
emp_000178,case_001005,2025-01-13T13:37:22
emp_000154,case_001006,2025-05-14T09:40:54
emp_000033,case_001007,2025-02-18T16:31:34
emp_000561,case_001008,2025-01-27T18:11:19
emp_000473,case_001009,2025-01-30T13:39:00
emp_000384,case_001010,2025-12-09T13:44:18
emp_000508,case_001011,2025-01-27T18:16:56
emp_000145,case_001012,2025-09-15T16:46:02
emp_000577,case_001013,2025-07-27T10:13:26
emp_000088,case_001014,2025-07-31T17:07:47
emp_000465,case_001015,2025-12-24T10:46:52
emp_000403,case_001016,2025-12-04T18:21:34
emp_000243,case_001017,2025-03-17T18:25:20
emp_000388,case_001018,2025-10-03T12:04:36
emp_000213,case_001019,2025-09-23T11:11:20
emp_000098,case_001020,2025-08-18T14:22:28
emp_000254,case_001021,2025-03-24T15:22:50
emp_000213,case_001022,2025-03-31T17:19:04
emp_000009,case_001023,2025-04-21T16:08:16
emp_000403,case_001024,2025-08-11T10:13:27
emp_000394,case_001025,2025-04-21T16:08:51
emp_000214,case_001026,2025-08-29T11:38:14
emp_000190,case_001027,2025-02-24T17:22:56
emp_000339,case_001028,2025-12-25T13:02:03
emp_000520,case_001029,2025-07-28T13:33:37
emp_000388,case_001030,2025-05-23T17:46:17
emp_000339,case_001031,2025-08-18T12:09:41
emp_000205,case_001032,2025-01-20T17:26:34
emp_000493,case_001033,2025-08-25T18:10:56
emp_000141,case_001034,2025-07-01T16:55:27
emp_000173,case_001035,2025-08-18T18:14:54
emp_000033,case_001036,2025-08-13T10:23:48
emp_000450,case_001037,2025-03-27T15:34:53
emp_000016,case_001038,2025-06-09T09:46:05
emp_000104,case_001039,2025-12-10T13:05:56
emp_000493,case_001040,2025-01-29T16:06:11
emp_000400,case_001041,2025-02-11T13:20:28
emp_000078,case_001042,2025-01-20T15:16:49
emp_000421,case_001043,2025-10-23T16:00:06
emp_000448,case_001044,2025-06-11T12:34:31
emp_000473,case_001045,2025-05-07T15:17:08
emp_000223,case_001046,2025-07-28T12:59:35
emp_000191,case_001047,2025-04-01T18:17:38
emp_000458,case_001048,2025-05-09T12:24:02
emp_000078,case_001049,2025-02-20T15:11:23
emp_000458,case_001050,2025-04-21T11:03:15
emp_000173,case_001051,2025-01-24T14:52:44
emp_000104,case_001052,2025-01-03T12:36:06
emp_000173,case_001053,2025-08-04T15:55:24
emp_000364,case_001054,2025-07-08T10:16:29
emp_000439,case_001055,2025-07-06T16:29:41
emp_000473,case_001056,2025-06-23T17:44:44
emp_000243,case_001057,2025-02-24T16:22:46
emp_000458,case_001058,2025-06-24T15:25:38
emp_000178,case_001059,2025-07-17T15:26:32
emp_000572,case_001060,2025-01-10T13:42:47
emp_000173,case_001061,2025-11-16T17:34:40
emp_000104,case_001062,2025-10-06T10:53:24
emp_000418,case_001063,2025-05-22T17:45:02
emp_000243,case_001064,2025-11-17T18:48:20
emp_000178,case_001065,2025-07-07T11:19:23
emp_000297,case_001066,2025-05-12T18:38:42
emp_000173,case_001067,2025-08-22T18:27:40
emp_000418,case_001068,2025-11-05T12:46:45
emp_000472,case_001069,2025-03-12T16:03:02
emp_000448,case_001070,2025-03-20T10:26:26
emp_000254,case_001071,2025-02-24T14:47:14
emp_000432,case_001072,2025-01-16T10:47:44
emp_000471,case_001073,2025-07-28T15:05:06
emp_000360,case_001074,2025-12-16T11:31:18
emp_000384,case_001075,2025-01-08T14:07:51
emp_000371,case_001076,2025-12-08T10:55:51
emp_000122,case_001077,2025-03-10T10:24:23
emp_000173,case_001078,2025-11-20T13:25:02
emp_000254,case_001079,2025-06-30T15:13:54
emp_000243,case_001080,2025-09-18T11:01:17
emp_000471,case_001081,2025-06-10T09:14:39
emp_000142,case_001082,2025-03-04T11:40:01
emp_000088,case_001083,2025-02-03T16:48:36
emp_000141,case_001084,2025-01-30T15:56:49
emp_000207,case_001085,2025-04-21T17:45:33
emp_000179,case_001086,2025-10-07T14:38:13
emp_000191,case_001087,2025-05-30T13:58:35
emp_000009,case_001088,2025-06-30T16:12:30
emp_000493,case_001089,2025-02-24T12:40:53
emp_000448,case_001090,2025-09-17T14:56:14
emp_000243,case_001091,2025-12-29T09:12:05
emp_000385,case_001092,2025-01-08T13:49:17
emp_000141,case_001093,2025-03-09T09:07:58
emp_000371,case_001094,2025-03-06T17:16:13
emp_000352,case_001095,2025-08-20T18:17:13
emp_000587,case_001096,2025-07-02T17:20:16
emp_000213,case_001097,2025-07-11T11:51:05
emp_000471,case_001098,2025-04-14T17:12:23
emp_000418,case_001099,2025-06-09T10:59:18
emp_000009,case_001100,2025-07-07T13:19:26
emp_000435,case_001101,2025-10-13T18:23:20
emp_000499,case_001102,2025-09-29T12:43:22
emp_000493,case_001103,2025-08-04T12:14:51
emp_000195,case_001104,2025-02-17T12:16:34
emp_000098,case_001105,2025-09-19T09:08:52
emp_000109,case_001106,2025-01-17T17:49:07
emp_000141,case_001107,2025-10-13T09:49:43
emp_000475,case_001108,2025-05-20T13:57:55
emp_000578,case_001109,2025-09-22T15:55:45
emp_000435,case_001110,2025-07-14T15:42:39
emp_000499,case_001111,2025-08-05T11:21:04
emp_000185,case_001112,2025-05-05T09:58:52
emp_000205,case_001113,2025-03-10T16:09:52
emp_000145,case_001114,2025-09-08T16:36:39
emp_000339,case_001115,2025-08-05T09:40:47
emp_000141,case_001116,2025-08-20T17:40:00
emp_000214,case_001117,2025-08-04T14:31:27
emp_000227,case_001118,2025-08-29T14:22:21
emp_000432,case_001119,2025-12-29T18:21:10
emp_000094,case_001120,2025-04-01T13:38:17
emp_000098,case_001121,2025-11-17T09:24:37
emp_000561,case_001122,2025-09-28T11:08:49
emp_000214,case_001123,2025-01-16T18:23:43
emp_000499,case_001124,2025-10-09T18:53:05
emp_000173,case_001125,2025-12-17T10:41:58
emp_000214,case_001126,2025-02-24T17:36:24
emp_000195,case_001127,2025-08-11T11:21:45
emp_000214,case_001128,2025-04-30T11:06:20
emp_000472,case_001129,2025-12-05T13:29:46
emp_000227,case_001130,2025-01-24T09:18:37
emp_000421,case_001131,2025-04-20T13:04:05
emp_000448,case_001132,2025-10-27T18:34:00
emp_000285,case_001133,2025-07-25T16:01:46
emp_000472,case_001134,2025-07-18T15:18:34
emp_000450,case_001135,2025-05-23T15:08:55
emp_000153,case_001136,2025-04-21T18:31:12
emp_000254,case_001137,2025-03-31T15:32:32
emp_000401,case_001138,2025-10-30T10:59:48
emp_000475,case_001139,2025-10-06T15:03:59
emp_000207,case_001140,2025-09-19T11:42:09
emp_000153,case_001141,2025-12-15T18:06:02
emp_000185,case_001142,2025-03-04T12:21:50
emp_000302,case_001143,2025-08-20T12:42:57
emp_000153,case_001144,2025-08-26T12:36:39
emp_000033,case_001145,2025-03-12T17:10:30
emp_000578,case_001146,2025-10-29T17:58:46
emp_000579,case_001147,2025-07-14T17:44:59
emp_000180,case_001148,2025-12-10T10:29:45
emp_000178,case_001149,2025-05-14T09:33:54
emp_000190,case_001150,2025-11-19T14:53:16
emp_000098,case_001151,2025-01-09T11:43:03
emp_000012,case_001152,2025-10-15T15:39:31
emp_000499,case_001153,2025-10-02T15:39:37
emp_000394,case_001154,2025-03-24T12:15:21
emp_000439,case_001155,2025-03-27T18:42:58
emp_000124,case_001156,2025-07-08T12:58:37
emp_000487,case_001157,2025-08-18T12:58:37
emp_000572,case_001158,2025-06-09T12:09:45
emp_000078,case_001159,2025-08-07T17:34:27
emp_000394,case_001160,2025-07-22T12:51:52
emp_000317,case_001161,2025-07-29T15:47:41
emp_000297,case_001162,2025-01-13T15:41:10
emp_000465,case_001163,2025-07-21T12:24:48
emp_000450,case_001164,2025-12-24T17:16:22
emp_000458,case_001165,2025-08-06T17:32:36
emp_000339,case_001166,2025-07-16T14:41:50
emp_000243,case_001167,2025-08-12T09:54:19
emp_000179,case_001168,2025-02-14T17:07:18
emp_000572,case_001169,2025-02-14T13:26:01
emp_000113,case_001170,2025-09-23T16:43:16
emp_000190,case_001171,2025-04-30T11:58:26
emp_000489,case_001172,2025-08-11T15:25:52
emp_000078,case_001173,2025-09-30T11:48:22
emp_000241,case_001174,2025-01-08T15:35:26
emp_000317,case_001175,2025-12-01T12:49:32
emp_000214,case_001176,2025-02-19T09:10:41
emp_000388,case_001177,2025-05-27T10:04:04
emp_000435,case_001178,2025-10-23T14:06:05
emp_000254,case_001179,2025-03-27T13:02:57
emp_000421,case_001180,2025-04-28T09:33:53
emp_000352,case_001181,2025-07-07T14:34:59
emp_000471,case_001182,2025-12-05T18:35:59
emp_000180,case_001183,2025-06-24T12:59:35
emp_000475,case_001184,2025-09-01T14:41:29
emp_000450,case_001185,2025-07-07T10:10:34
emp_000473,case_001186,2025-07-15T12:31:23
emp_000154,case_001187,2025-05-09T09:54:46
emp_000214,case_001188,2025-02-03T11:30:24
emp_000153,case_001189,2025-05-16T16:13:41
emp_000432,case_001190,2025-11-17T16:31:33
emp_000384,case_001191,2025-10-16T16:49:51
emp_000104,case_001192,2025-10-16T13:39:47
emp_000227,case_001193,2025-08-13T16:02:29
emp_000448,case_001194,2025-11-21T10:30:39
emp_000094,case_001195,2025-05-06T14:18:43
emp_000317,case_001196,2025-03-06T10:01:03
emp_000241,case_001197,2025-11-17T10:40:58
emp_000339,case_001198,2025-05-07T11:09:46
emp_000178,case_001199,2025-12-22T15:23:02
emp_000190,case_001200,2025-01-03T13:06:07
emp_000339,case_001201,2025-07-04T12:24:37
emp_000475,case_001202,2025-07-23T17:02:04
emp_000227,case_001203,2025-10-21T14:34:34
emp_000302,case_001204,2025-04-14T14:23:05
emp_000195,case_001205,2025-07-07T13:48:48
emp_000009,case_001206,2025-07-28T10:49:41
emp_000473,case_001207,2025-05-05T13:30:58
emp_000352,case_001208,2025-04-10T18:52:34
emp_000108,case_001209,2025-07-29T16:03:13
emp_000317,case_001210,2025-01-14T18:57:12
emp_000487,case_001211,2025-11-26T10:02:12
emp_000432,case_001212,2025-09-22T11:38:56
emp_000425,case_001213,2025-11-19T10:44:39
emp_000388,case_001214,2025-02-18T16:27:11
emp_000435,case_001215,2025-03-03T09:35:11
emp_000371,case_001216,2025-04-16T15:13:35
emp_000145,case_001217,2025-06-30T13:59:40
emp_000109,case_001218,2025-05-23T16:52:55
emp_000385,case_001219,2025-01-08T09:17:28
emp_000094,case_001220,2025-01-13T13:38:44
emp_000285,case_001221,2025-08-14T13:03:15
emp_000364,case_001222,2025-02-03T16:08:29
emp_000108,case_001223,2025-08-15T14:16:29
emp_000563,case_001224,2025-08-11T12:09:14
emp_000425,case_001225,2025-08-18T17:24:16
emp_000425,case_001226,2025-02-21T16:01:02
emp_000153,case_001227,2025-03-10T18:31:16
emp_000408,case_001228,2025-07-24T14:35:10
emp_000418,case_001229,2025-12-29T18:29:50
emp_000016,case_001230,2025-06-12T14:08:58
emp_000339,case_001231,2025-05-16T14:48:41
emp_000493,case_001232,2025-10-21T09:27:45
emp_000243,case_001233,2025-12-04T16:16:49
emp_000572,case_001234,2025-10-29T10:18:00
emp_000475,case_001235,2025-01-20T09:50:38
emp_000214,case_001236,2025-01-08T12:13:26
emp_000371,case_001237,2025-05-05T09:29:16
emp_000425,case_001238,2025-01-24T13:49:03
emp_000493,case_001239,2025-10-10T14:13:30
emp_000012,case_001240,2025-06-02T09:30:02
emp_000578,case_001241,2025-02-24T17:53:47
emp_000241,case_001242,2025-05-27T15:13:00
emp_000302,case_001243,2025-06-09T12:59:27
emp_000472,case_001244,2025-07-18T15:45:01
emp_000078,case_001245,2025-09-12T15:01:31
emp_000154,case_001246,2025-12-08T14:53:59
emp_000124,case_001247,2025-05-01T14:24:36
emp_000205,case_001248,2025-07-17T12:04:24
emp_000009,case_001249,2025-10-30T15:55:57
emp_000489,case_001250,2025-06-27T16:31:28
emp_000364,case_001251,2025-07-18T11:06:27
emp_000147,case_001252,2025-09-18T13:03:16
emp_000141,case_001253,2025-08-11T17:31:56
emp_000213,case_001254,2025-12-12T09:11:13
emp_000450,case_001255,2025-06-09T13:14:00
emp_000493,case_001256,2025-11-10T09:41:01
emp_000179,case_001257,2025-11-07T15:33:18
emp_000425,case_001258,2025-07-03T09:25:00
emp_000145,case_001259,2025-05-22T16:36:32
emp_000141,case_001260,2025-10-20T09:36:52
emp_000448,case_001261,2025-11-21T10:12:48
emp_000122,case_001262,2025-04-25T12:50:54
emp_000227,case_001263,2025-12-11T14:26:05
emp_000113,case_001264,2025-08-07T17:11:46
emp_000142,case_001265,2025-08-17T12:27:08
emp_000497,case_001266,2025-03-14T15:18:19
emp_000453,case_001267,2025-12-09T11:01:54
emp_000098,case_001268,2025-12-30T18:16:05
emp_000180,case_001269,2025-07-28T14:58:06
emp_000572,case_001270,2025-03-17T11:23:13
emp_000493,case_001271,2025-06-02T12:39:22
emp_000561,case_001272,2025-02-19T13:23:28
emp_000439,case_001273,2025-07-14T13:15:15
emp_000432,case_001274,2025-07-09T17:31:38
emp_000418,case_001275,2025-02-21T18:08:08
emp_000473,case_001276,2025-07-30T14:55:50
emp_000016,case_001277,2025-09-29T17:38:15
emp_000493,case_001278,2025-06-30T10:22:59
emp_000122,case_001279,2025-10-01T14:15:31
emp_000388,case_001280,2025-11-05T15:01:36
emp_000241,case_001281,2025-04-07T10:00:52
emp_000012,case_001282,2025-02-13T12:20:28
emp_000289,case_001283,2025-11-25T11:54:57
emp_000425,case_001284,2025-04-27T15:54:35
emp_000227,case_001285,2025-03-10T17:16:44
emp_000448,case_001286,2025-06-04T12:37:05
emp_000385,case_001287,2025-03-09T17:06:41
emp_000136,case_001288,2025-01-06T11:21:28
emp_000113,case_001289,2025-01-06T17:14:51
emp_000254,case_001290,2025-10-20T15:17:28
emp_000432,case_001291,2025-05-08T10:30:22
emp_000124,case_001292,2025-05-06T14:54:58
emp_000207,case_001293,2025-04-28T17:55:25
emp_000185,case_001294,2025-08-16T11:37:45
emp_000195,case_001295,2025-10-27T18:01:37
emp_000317,case_001296,2025-06-23T15:12:43
emp_000520,case_001297,2025-07-22T11:24:30
emp_000109,case_001298,2025-05-21T17:57:03
emp_000195,case_001299,2025-06-05T15:35:00
emp_000285,case_001300,2025-07-11T12:23:18
emp_000471,case_001301,2025-04-16T11:50:17
emp_000205,case_001302,2025-04-21T11:29:53
emp_000394,case_001303,2025-06-30T11:59:38
emp_000142,case_001304,2025-01-27T11:53:57
emp_000450,case_001305,2025-07-28T18:24:37
emp_000400,case_001306,2025-05-21T09:04:38
emp_000136,case_001307,2025-01-08T10:11:53
emp_000578,case_001308,2025-03-20T18:52:20
emp_000448,case_001309,2025-09-14T09:47:37
emp_000579,case_001310,2025-05-13T16:08:25
emp_000241,case_001311,2025-12-03T09:07:01
emp_000104,case_001312,2025-02-17T15:13:34
emp_000472,case_001313,2025-01-03T18:21:29
emp_000384,case_001314,2025-11-12T10:44:36
emp_000425,case_001315,2025-02-17T18:41:00
emp_000223,case_001316,2025-03-24T09:02:54
emp_000098,case_001317,2025-01-28T13:18:27
emp_000578,case_001318,2025-07-07T12:03:58
emp_000145,case_001319,2025-05-23T12:29:21
emp_000241,case_001320,2025-04-07T11:13:42
emp_000173,case_001321,2025-09-09T12:41:51
emp_000352,case_001322,2025-10-08T12:32:54
emp_000587,case_001323,2025-06-30T16:54:41
emp_000352,case_001324,2025-08-08T15:18:45
emp_000397,case_001325,2025-03-18T13:59:02
emp_000418,case_001326,2025-12-11T13:45:02
emp_000577,case_001327,2025-01-06T11:54:19
emp_000205,case_001328,2025-10-17T10:35:25
emp_000173,case_001329,2025-08-11T12:59:15
emp_000360,case_001330,2025-05-06T13:39:21
emp_000195,case_001331,2025-11-08T15:06:10
emp_000302,case_001332,2025-03-14T12:14:35
emp_000403,case_001333,2025-05-29T10:48:04
emp_000475,case_001334,2025-12-22T13:18:57
emp_000190,case_001335,2025-06-02T12:39:17
emp_000185,case_001336,2025-06-30T13:51:41
emp_000397,case_001337,2025-09-22T16:12:21
emp_000561,case_001338,2025-04-07T16:14:07
emp_000297,case_001339,2025-03-28T18:35:31
emp_000180,case_001340,2025-11-03T13:57:22
emp_000179,case_001341,2025-01-08T18:11:11
emp_000078,case_001342,2025-12-09T15:08:58
emp_000432,case_001343,2025-07-18T14:08:43
emp_000371,case_001344,2025-11-27T15:31:33
emp_000360,case_001345,2025-09-15T18:07:24
emp_000508,case_001346,2025-09-29T09:43:04
emp_000493,case_001347,2025-07-21T09:14:18
emp_000136,case_001348,2025-12-09T11:39:54
emp_000180,case_001349,2025-04-11T09:30:44
emp_000104,case_001350,2025-03-10T10:43:15
emp_000108,case_001351,2025-06-26T10:54:18
emp_000432,case_001352,2025-11-10T18:54:41
emp_000227,case_001353,2025-07-10T09:32:37
emp_000317,case_001354,2025-03-26T09:32:27
emp_000179,case_001355,2025-05-23T18:53:11
emp_000227,case_001356,2025-02-17T12:16:53
emp_000458,case_001357,2025-01-06T15:36:50
emp_000587,case_001358,2025-04-24T14:26:50
emp_000147,case_001359,2025-02-17T17:32:54
emp_000108,case_001360,2025-03-14T12:53:13
emp_000285,case_001361,2025-01-03T15:03:56
emp_000453,case_001362,2025-11-17T15:48:26
emp_000577,case_001363,2025-03-12T14:39:20
emp_000122,case_001364,2025-06-10T13:24:43
emp_000408,case_001365,2025-08-20T18:24:41
emp_000094,case_001366,2025-08-12T10:27:16
emp_000352,case_001367,2025-06-02T14:53:04
emp_000122,case_001368,2025-02-11T15:46:49
emp_000213,case_001369,2025-07-21T14:13:32
emp_000578,case_001370,2025-10-20T12:57:11
emp_000289,case_001371,2025-10-30T15:19:05
emp_000012,case_001372,2025-01-22T12:03:49
emp_000145,case_001373,2025-05-08T15:18:03
emp_000397,case_001374,2025-03-03T11:23:13
emp_000173,case_001375,2025-10-06T16:17:13
emp_000418,case_001376,2025-10-29T18:16:45
emp_000408,case_001377,2025-03-31T11:01:17
emp_000153,case_001378,2025-11-13T12:27:49
emp_000339,case_001379,2025-09-18T13:10:06
emp_000289,case_001380,2025-12-18T18:45:57
emp_000397,case_001381,2025-06-30T11:13:38
emp_000297,case_001382,2025-10-06T09:31:16
emp_000472,case_001383,2025-02-03T13:06:58
emp_000185,case_001384,2025-02-24T10:29:00
emp_000475,case_001385,2025-12-26T15:05:25
emp_000154,case_001386,2025-03-11T12:38:28
emp_000339,case_001387,2025-07-21T10:20:14
emp_000432,case_001388,2025-09-18T14:48:02
emp_000145,case_001389,2025-04-19T12:08:19
emp_000487,case_001390,2025-01-13T15:44:52
emp_000153,case_001391,2025-02-10T13:49:10
emp_000472,case_001392,2025-08-10T13:01:48
emp_000098,case_001393,2025-10-20T13:46:06
emp_000147,case_001394,2025-02-03T15:06:35
emp_000475,case_001395,2025-01-30T12:10:07
emp_000450,case_001396,2025-07-07T15:43:29
emp_000497,case_001397,2025-08-25T15:21:16
emp_000141,case_001398,2025-04-28T16:53:33
emp_000493,case_001399,2025-08-11T12:42:24
emp_000180,case_001400,2025-05-19T09:47:36
emp_000473,case_001401,2025-11-26T12:35:46
emp_000418,case_001402,2025-04-18T09:41:07
emp_000109,case_001403,2025-05-07T10:43:23
emp_000297,case_001404,2025-06-09T09:28:21
emp_000108,case_001405,2025-12-02T17:59:40
emp_000394,case_001406,2025-09-15T11:49:03
emp_000499,case_001407,2025-06-05T17:12:10
emp_000297,case_001408,2025-07-04T11:22:39
emp_000453,case_001409,2025-10-24T15:51:38
emp_000302,case_001410,2025-12-03T15:21:04
emp_000050,case_001411,2025-11-09T01:47:16
emp_000362,case_001412,2025-03-03T19:39:57
emp_000410,case_001413,2025-01-01T15:11:40
emp_000593,case_001414,2025-07-21T22:42:14
emp_000067,case_001415,2025-01-03T20:31:00
emp_000095,case_001416,2025-07-27T20:37:19
emp_000096,case_001417,2025-11-15T08:21:32
emp_000125,case_001418,2025-06-14T00:18:18
emp_000375,case_001419,2025-05-27T01:52:12
emp_000509,case_001420,2025-04-17T03:49:49
emp_000079,case_001421,2025-07-31T21:30:01
emp_000502,case_001422,2025-07-16T02:04:12
emp_000474,case_001423,2025-05-07T06:42:06
emp_000257,case_001424,2025-11-03T21:58:42
emp_000369,case_001425,2025-08-19T16:54:05
emp_000160,case_001426,2025-07-16T10:24:06
emp_000498,case_001427,2025-03-05T02:13:18
emp_000319,case_001428,2025-07-11T06:35:44
emp_000545,case_001429,2025-02-23T06:45:03
emp_000369,case_001430,2025-08-23T10:50:23
emp_000299,case_001431,2025-07-12T21:22:34
emp_000354,case_001432,2025-07-20T08:54:11
emp_000461,case_001433,2025-10-30T15:25:01
emp_000507,case_001434,2025-03-12T08:05:13
emp_000080,case_001435,2025-08-14T13:33:41
emp_000519,case_001436,2025-07-06T11:46:42
emp_000043,case_001437,2025-07-23T17:37:44
emp_000598,case_001438,2025-12-07T21:33:00
emp_000132,case_001439,2025-04-03T18:29:02
emp_000131,case_001440,2025-01-16T02:47:21
emp_000590,case_001441,2025-10-31T01:06:32
emp_000553,case_001442,2025-05-15T17:48:57
emp_000365,case_001443,2025-08-08T09:23:06
emp_000414,case_001444,2025-09-02T19:36:55
emp_000238,case_001445,2025-09-24T12:58:51
emp_000494,case_001446,2025-09-20T06:22:04
emp_000584,case_001447,2025-08-12T00:17:06
emp_000272,case_001448,2025-06-25T08:27:28
emp_000051,case_001449,2025-08-11T19:33:28
emp_000348,case_001450,2025-10-14T09:19:14
emp_000189,case_001451,2025-04-10T03:12:08
emp_000052,case_001452,2025-05-17T23:50:32
emp_000035,case_001453,2025-06-06T07:23:31
emp_000495,case_001454,2025-01-08T11:26:03
emp_000550,case_001455,2025-05-27T06:39:17
emp_000125,case_001456,2025-12-30T11:39:17
emp_000225,case_001457,2025-09-28T17:46:04
emp_000184,case_001458,2025-08-05T15:23:47
emp_000332,case_001459,2025-12-18T18:50:20
emp_000101,case_001460,2025-02-02T17:35:12
emp_000530,case_001461,2025-05-31T04:43:35
emp_000002,case_001462,2025-09-01T21:11:20
emp_000131,case_001463,2025-04-19T17:56:30
emp_000342,case_001464,2025-08-25T18:23:49
emp_000143,case_001465,2025-02-07T02:06:24
emp_000140,case_001466,2025-11-24T23:47:02
emp_000002,case_001467,2025-05-21T03:34:32
emp_000464,case_001468,2025-01-07T05:42:16
emp_000415,case_001469,2025-04-05T21:25:37
emp_000436,case_001470,2025-02-07T08:38:36
emp_000305,case_001471,2025-03-02T16:23:09
emp_000529,case_001472,2025-07-22T00:07:07
emp_000160,case_001473,2025-08-16T03:33:10
emp_000076,case_001474,2025-12-27T20:00:15
emp_000386,case_001475,2025-02-26T14:28:11
emp_000567,case_001476,2025-05-13T01:06:10
emp_000358,case_001477,2025-09-02T00:12:22
emp_000415,case_001478,2025-08-07T12:52:15
emp_000204,case_001479,2025-12-21T20:39:47
emp_000518,case_001480,2025-02-04T11:05:16
emp_000198,case_001481,2025-06-15T04:56:49
emp_000264,case_001482,2025-08-08T03:08:23
emp_000386,case_001483,2025-06-22T12:28:39
emp_000481,case_001484,2025-02-25T08:04:40
emp_000257,case_001485,2025-02-08T07:45:57
emp_000236,case_001486,2025-11-25T02:30:09
emp_000356,case_001487,2025-11-13T23:21:01
emp_000495,case_001488,2025-05-09T20:50:50
emp_000024,case_001489,2025-04-19T09:28:36
emp_000251,case_001490,2025-11-16T19:51:33
emp_000047,case_001491,2025-01-31T16:08:30
emp_000028,case_001492,2025-08-08T04:16:39
emp_000135,case_001493,2025-10-19T21:34:11
emp_000074,case_001494,2025-08-29T19:28:44
emp_000431,case_001495,2025-09-26T17:09:21
emp_000514,case_001496,2025-10-22T17:46:56
emp_000517,case_001497,2025-11-02T17:14:24
emp_000420,case_001498,2025-07-11T19:29:04
emp_000251,case_001499,2025-09-21T11:22:12
emp_000575,case_001500,2025-12-11T16:48:36
emp_000369,case_001501,2025-10-22T20:50:06
emp_000206,case_001502,2025-11-09T13:28:44
emp_000140,case_001503,2025-02-15T16:57:50
emp_000160,case_001504,2025-09-08T23:45:00
emp_000258,case_001505,2025-05-20T09:01:22
emp_000584,case_001506,2025-09-16T10:14:32
emp_000127,case_001507,2025-12-28T17:15:21
emp_000495,case_001508,2025-09-25T03:34:13
emp_000279,case_001509,2025-06-04T13:24:29
emp_000235,case_001510,2025-03-20T22:47:50
emp_000337,case_001511,2025-11-26T08:30:27
emp_000011,case_001512,2025-01-19T13:48:52
emp_000251,case_001513,2025-11-21T01:17:39
emp_000291,case_001514,2025-04-02T10:11:01
emp_000086,case_001515,2025-06-23T08:35:49
emp_000209,case_001516,2025-11-19T21:39:29
emp_000107,case_001517,2025-12-21T07:29:22
emp_000193,case_001518,2025-09-02T23:34:15
emp_000232,case_001519,2025-12-11T21:25:58
emp_000454,case_001520,2025-12-16T09:11:10
emp_000232,case_001521,2025-04-09T22:03:59
emp_000298,case_001522,2025-09-21T19:05:56
emp_000356,case_001523,2025-11-10T11:08:57
emp_000511,case_001524,2025-04-05T11:35:17
emp_000416,case_001525,2025-12-18T22:33:34
emp_000414,case_001526,2025-08-12T20:14:23
emp_000517,case_001527,2025-01-09T17:00:28
emp_000461,case_001528,2025-08-01T19:41:27
emp_000503,case_001529,2025-07-09T20:34:50
emp_000238,case_001530,2025-07-24T05:54:29
emp_000112,case_001531,2025-05-16T04:34:28
emp_000528,case_001532,2025-09-12T01:21:38
emp_000282,case_001533,2025-06-26T07:15:42
emp_000070,case_001534,2025-04-30T18:05:13
emp_000184,case_001535,2025-10-15T03:32:24
emp_000327,case_001536,2025-10-23T13:44:21
emp_000590,case_001537,2025-09-14T12:06:55
emp_000070,case_001538,2025-02-01T03:50:06
emp_000085,case_001539,2025-04-23T15:50:55
emp_000455,case_001540,2025-10-19T20:51:39
emp_000334,case_001541,2025-12-08T06:07:55
emp_000127,case_001542,2025-05-21T11:18:38
emp_000534,case_001543,2025-09-02T09:55:51
emp_000464,case_001544,2025-01-02T10:07:06
emp_000143,case_001545,2025-09-20T17:38:34
emp_000332,case_001546,2025-03-06T11:40:54
emp_000257,case_001547,2025-06-12T20:43:59
emp_000367,case_001548,2025-12-02T08:23:02
emp_000050,case_001549,2025-11-24T08:29:56
emp_000192,case_001550,2025-07-08T23:31:18
emp_000167,case_001551,2025-10-31T03:43:59
emp_000483,case_001552,2025-07-02T09:06:00
emp_000149,case_001553,2025-06-12T09:53:43
emp_000495,case_001554,2025-11-24T06:35:11
emp_000519,case_001555,2025-02-12T19:18:39
emp_000463,case_001556,2025-06-24T01:31:56
emp_000208,case_001557,2025-05-17T20:38:15
emp_000460,case_001558,2025-08-26T15:25:42
emp_000312,case_001559,2025-03-09T12:00:36
emp_000042,case_001560,2025-11-11T10:21:43
emp_000313,case_001561,2025-03-31T14:17:13
emp_000376,case_001562,2025-06-16T17:37:50
emp_000291,case_001563,2025-07-04T18:23:40
emp_000512,case_001564,2025-10-20T05:17:36
emp_000155,case_001565,2025-06-14T09:21:25
emp_000082,case_001566,2025-11-19T20:09:31
emp_000454,case_001567,2025-10-01T04:55:12
emp_000206,case_001568,2025-03-28T17:00:11
emp_000387,case_001569,2025-05-29T22:09:56
emp_000114,case_001570,2025-07-03T21:50:44
emp_000140,case_001571,2025-12-08T03:40:53
emp_000023,case_001572,2025-09-10T02:24:08
emp_000564,case_001573,2025-05-07T19:25:09
emp_000089,case_001574,2025-09-09T08:03:14
emp_000008,case_001575,2025-11-28T14:15:35
emp_000590,case_001576,2025-03-21T23:58:32
emp_000337,case_001577,2025-04-24T04:03:33
emp_000599,case_001578,2025-01-22T17:16:56
emp_000206,case_001579,2025-02-14T01:27:22
emp_000312,case_001580,2025-09-30T04:15:57
emp_000375,case_001581,2025-01-14T13:53:10
emp_000160,case_001582,2025-05-30T22:34:56
emp_000206,case_001583,2025-08-30T16:44:43
emp_000383,case_001584,2025-07-11T18:48:21
emp_000008,case_001585,2025-04-13T15:52:11
emp_000284,case_001586,2025-09-27T03:09:21
emp_000299,case_001587,2025-02-13T04:41:29
emp_000231,case_001588,2025-12-09T09:21:19
emp_000250,case_001589,2025-03-16T16:52:33
emp_000386,case_001590,2025-03-06T14:55:51
emp_000045,case_001591,2025-04-08T23:57:15
emp_000464,case_001592,2025-07-05T03:50:03
emp_000407,case_001593,2025-08-11T19:34:52
emp_000279,case_001594,2025-11-18T01:13:36
emp_000431,case_001595,2025-03-13T22:50:50
emp_000494,case_001596,2025-11-01T14:18:39
emp_000225,case_001597,2025-02-16T09:23:55
emp_000091,case_001598,2025-11-16T16:18:08
emp_000251,case_001599,2025-02-01T13:33:17
emp_000079,case_001600,2025-09-10T08:29:20
emp_000279,case_001601,2025-10-05T10:37:52
emp_000557,case_001602,2025-03-06T15:16:49
emp_000052,case_001603,2025-03-07T22:38:38
emp_000537,case_001604,2025-08-06T01:50:27
emp_000076,case_001605,2025-05-30T02:39:18
emp_000071,case_001606,2025-10-03T16:32:35
emp_000010,case_001607,2025-06-09T19:26:23
emp_000245,case_001608,2025-06-22T12:10:28
emp_000028,case_001609,2025-12-01T06:05:19
emp_000436,case_001610,2025-11-02T18:35:22
emp_000344,case_001611,2025-04-01T08:18:56
emp_000257,case_001612,2025-06-05T02:04:44
emp_000126,case_001613,2025-04-13T15:49:09
emp_000167,case_001614,2025-12-07T19:46:40
emp_000250,case_001615,2025-05-27T16:33:43
emp_000250,case_001616,2025-04-02T09:43:40
emp_000495,case_001617,2025-06-11T05:15:19
emp_000258,case_001618,2025-09-25T19:13:04
emp_000598,case_001619,2025-03-03T06:15:31
emp_000247,case_001620,2025-10-19T14:42:09
emp_000454,case_001621,2025-06-02T10:18:05
emp_000126,case_001622,2025-01-29T02:18:30
emp_000135,case_001623,2025-06-12T23:47:54
emp_000454,case_001624,2025-03-03T01:05:47
emp_000470,case_001625,2025-04-05T17:07:25
emp_000166,case_001626,2025-07-21T00:34:47
emp_000560,case_001627,2025-04-03T10:07:07
emp_000386,case_001628,2025-03-07T08:52:00
emp_000208,case_001629,2025-05-29T10:09:32
emp_000455,case_001630,2025-10-09T17:06:32
emp_000431,case_001631,2025-10-03T14:20:01
emp_000071,case_001632,2025-03-19T01:20:56
emp_000189,case_001633,2025-03-28T23:43:25
emp_000505,case_001634,2025-06-15T06:38:58
emp_000518,case_001635,2025-01-03T03:25:20
emp_000219,case_001636,2025-03-03T23:48:58
emp_000592,case_001637,2025-05-01T15:22:12
emp_000131,case_001638,2025-06-24T03:49:44
emp_000011,case_001639,2025-01-21T09:42:01
emp_000114,case_001640,2025-06-18T16:27:49
emp_000035,case_001641,2025-09-20T17:37:45
emp_000176,case_001642,2025-04-21T16:01:39
emp_000250,case_001643,2025-07-01T17:57:48
emp_000277,case_001644,2025-12-07T10:03:01
emp_000375,case_001645,2025-12-27T14:20:35
emp_000350,case_001646,2025-12-20T08:23:36
emp_000023,case_001647,2025-08-27T23:36:09
emp_000529,case_001648,2025-12-19T09:09:07
emp_000348,case_001649,2025-10-02T01:58:31
emp_000350,case_001650,2025-09-03T04:57:54
emp_000312,case_001651,2025-04-14T20:45:37
emp_000114,case_001652,2025-10-14T15:10:58
emp_000170,case_001653,2025-11-02T11:11:44
emp_000314,case_001654,2025-03-26T05:03:06
emp_000420,case_001655,2025-06-06T03:53:24
emp_000204,case_001656,2025-07-15T02:04:25
emp_000314,case_001657,2025-04-04T07:56:48
emp_000290,case_001658,2025-12-26T16:09:06
emp_000581,case_001659,2025-01-09T02:44:53
emp_000354,case_001660,2025-03-23T02:27:52
emp_000010,case_001661,2025-09-12T11:01:18
emp_000350,case_001662,2025-09-18T14:26:52
emp_000386,case_001663,2025-09-15T08:28:34
emp_000407,case_001664,2025-07-05T05:05:13
emp_000002,case_001665,2025-08-17T08:35:43
emp_000167,case_001666,2025-02-02T16:20:29
emp_000560,case_001667,2025-09-06T23:39:32
emp_000251,case_001668,2025-09-02T12:10:28
emp_000235,case_001669,2025-03-24T17:08:43
emp_000537,case_001670,2025-06-19T08:20:26
emp_000010,case_001671,2025-01-25T17:22:23
emp_000414,case_001672,2025-10-31T09:55:40
emp_000150,case_001673,2025-04-29T23:00:54
emp_000332,case_001674,2025-05-19T04:41:33
emp_000592,case_001675,2025-09-04T08:31:54
emp_000270,case_001676,2025-02-20T01:11:18
emp_000511,case_001677,2025-05-12T03:16:07
emp_000356,case_001678,2025-07-10T15:10:42
emp_000396,case_001679,2025-03-14T12:03:24
emp_000149,case_001680,2025-07-20T11:31:42
emp_000082,case_001681,2025-04-18T00:09:37
emp_000259,case_001682,2025-03-13T03:30:12
emp_000319,case_001683,2025-06-09T01:39:54
emp_000044,case_001684,2025-01-26T07:29:09
emp_000067,case_001685,2025-03-23T12:48:37
emp_000264,case_001686,2025-03-22T06:44:35
emp_000545,case_001687,2025-03-04T02:54:51
emp_000522,case_001688,2025-09-21T03:48:41
emp_000345,case_001689,2025-04-06T08:19:56
emp_000117,case_001690,2025-10-25T03:20:15
emp_000143,case_001691,2025-09-25T19:59:30
emp_000208,case_001692,2025-06-28T16:52:26
emp_000127,case_001693,2025-05-15T22:36:37
emp_000071,case_001694,2025-03-20T21:51:19
emp_000288,case_001695,2025-07-27T01:30:52
emp_000023,case_001696,2025-09-29T17:51:22
emp_000189,case_001697,2025-10-24T19:10:15
emp_000208,case_001698,2025-07-13T12:58:11
emp_000027,case_001699,2025-02-18T11:45:03
emp_000407,case_001700,2025-10-29T16:36:42
emp_000231,case_001701,2025-09-21T06:45:18
emp_000247,case_001702,2025-03-19T04:52:14
emp_000362,case_001703,2025-10-17T02:27:25
emp_000048,case_001704,2025-09-04T20:20:08
emp_000365,case_001705,2025-11-05T21:37:33
emp_000105,case_001706,2025-02-14T05:58:58
emp_000455,case_001707,2025-04-26T05:46:44
emp_000454,case_001708,2025-09-11T07:47:37
emp_000312,case_001709,2025-07-31T13:08:43
emp_000008,case_001710,2025-03-03T10:59:53
emp_000023,case_001711,2025-01-04T05:42:21
emp_000461,case_001712,2025-04-11T08:27:31
emp_000071,case_001713,2025-12-27T13:09:26
emp_000082,case_001714,2025-03-03T08:00:04
emp_000225,case_001715,2025-03-10T10:18:40
emp_000167,case_001716,2025-02-15T18:49:53
emp_000057,case_001717,2025-08-23T13:36:31
emp_000560,case_001718,2025-12-01T14:04:48
emp_000184,case_001719,2025-05-14T03:29:08
emp_000074,case_001720,2025-12-14T05:50:06
emp_000365,case_001721,2025-12-04T12:23:17
emp_000382,case_001722,2025-07-18T00:35:56
emp_000177,case_001723,2025-01-26T20:37:48
emp_000248,case_001724,2025-12-18T17:36:29
emp_000149,case_001725,2025-09-21T17:21:19
emp_000008,case_001726,2025-03-02T10:14:36
emp_000236,case_001727,2025-01-07T10:52:50
emp_000259,case_001728,2025-10-02T15:18:48
emp_000518,case_001729,2025-09-12T19:25:16
emp_000545,case_001730,2025-08-22T16:22:02
emp_000101,case_001731,2025-01-24T23:45:01
emp_000491,case_001732,2025-09-15T19:54:15
emp_000306,case_001733,2025-05-06T06:42:21
emp_000466,case_001734,2025-02-25T07:28:47
emp_000245,case_001735,2025-06-19T19:12:25
emp_000593,case_001736,2025-03-10T02:38:29
emp_000235,case_001737,2025-08-29T18:58:22
emp_000156,case_001738,2025-02-06T02:28:01
emp_000259,case_001739,2025-11-22T22:32:30
emp_000155,case_001740,2025-09-05T12:53:09
emp_000511,case_001741,2025-09-05T19:49:36
emp_000170,case_001742,2025-09-12T07:47:17
emp_000312,case_001743,2025-02-08T12:22:45
emp_000125,case_001744,2025-03-04T15:37:58
emp_000095,case_001745,2025-09-19T12:09:47
emp_000176,case_001746,2025-10-13T08:09:14
emp_000307,case_001747,2025-10-08T13:00:06
emp_000507,case_001748,2025-08-19T07:11:49
emp_000126,case_001749,2025-10-14T09:05:23
emp_000026,case_001750,2025-05-16T16:50:38
emp_000161,case_001751,2025-07-30T00:26:11
emp_000070,case_001752,2025-04-04T05:41:57
emp_000159,case_001753,2025-12-09T08:44:26
emp_000343,case_001754,2025-02-25T10:55:57
emp_000402,case_001755,2025-04-22T12:19:57
emp_000420,case_001756,2025-12-22T17:53:47
emp_000307,case_001757,2025-08-22T22:51:25
emp_000359,case_001758,2025-08-26T10:18:10
emp_000433,case_001759,2025-10-29T05:23:58
emp_000598,case_001760,2025-11-13T03:57:14
emp_000474,case_001761,2025-07-12T01:15:12
emp_000402,case_001762,2025-04-15T02:20:24
emp_000160,case_001763,2025-01-17T16:31:53
emp_000017,case_001764,2025-06-13T02:01:42
emp_000407,case_001765,2025-10-27T10:15:51
emp_000245,case_001766,2025-02-18T13:33:47
emp_000592,case_001767,2025-12-29T17:14:37
emp_000481,case_001768,2025-03-26T01:57:52
emp_000086,case_001769,2025-06-13T11:58:58
emp_000291,case_001770,2025-09-24T07:24:19
emp_000307,case_001771,2025-10-24T05:54:12
emp_000402,case_001772,2025-04-06T08:34:18
emp_000507,case_001773,2025-11-29T11:02:32
emp_000192,case_001774,2025-05-10T13:39:02
emp_000282,case_001775,2025-01-21T11:31:13
emp_000014,case_001776,2025-09-18T23:49:06
emp_000282,case_001777,2025-07-10T17:11:24
emp_000186,case_001778,2025-11-04T04:40:09
emp_000020,case_001779,2025-06-13T08:22:33
emp_000069,case_001780,2025-05-20T08:30:51
emp_000177,case_001781,2025-11-20T21:40:43
emp_000198,case_001782,2025-10-11T19:43:23
emp_000011,case_001783,2025-11-07T20:16:47
emp_000348,case_001784,2025-02-11T06:00:19
emp_000518,case_001785,2025-06-24T02:40:05
emp_000044,case_001786,2025-08-18T19:05:38
emp_000086,case_001787,2025-08-07T11:50:27
emp_000460,case_001788,2025-01-19T04:06:23
emp_000089,case_001789,2025-01-25T07:52:19
emp_000052,case_001790,2025-03-26T08:42:07
emp_000156,case_001791,2025-01-22T16:52:12
emp_000437,case_001792,2025-06-04T21:34:35
emp_000284,case_001793,2025-05-08T17:01:54
emp_000137,case_001794,2025-01-10T21:14:17
emp_000337,case_001795,2025-08-12T22:15:37
emp_000584,case_001796,2025-06-02T23:27:24
emp_000024,case_001797,2025-02-16T03:37:41
emp_000026,case_001798,2025-07-06T09:48:43
emp_000313,case_001799,2025-04-01T09:18:04
emp_000248,case_001800,2025-01-19T03:28:56
emp_000437,case_001801,2025-06-22T13:20:24
emp_000235,case_001802,2025-01-20T10:16:48
emp_000575,case_001803,2025-12-03T03:59:53
emp_000208,case_001804,2025-06-22T07:36:04
emp_000376,case_001805,2025-06-12T18:38:03
emp_000431,case_001806,2025-12-28T11:09:11
emp_000189,case_001807,2025-05-05T13:09:10
emp_000455,case_001808,2025-03-06T05:48:16
emp_000160,case_001809,2025-09-04T16:11:18
emp_000505,case_001810,2025-06-17T23:21:38
emp_000086,case_001811,2025-05-14T09:35:46
emp_000522,case_001812,2025-07-18T13:21:22
emp_000232,case_001813,2025-04-12T16:17:52
emp_000414,case_001814,2025-05-06T09:33:37
emp_000024,case_001815,2025-03-14T11:57:30
emp_000595,case_001816,2025-11-23T08:43:09
emp_000393,case_001817,2025-03-19T23:36:13
emp_000540,case_001818,2025-11-03T05:45:40
emp_000340,case_001819,2025-09-08T01:51:09
emp_000082,case_001820,2025-10-05T15:18:45
emp_000024,case_001821,2025-03-18T08:23:29
emp_000272,case_001822,2025-07-20T06:09:29
emp_000431,case_001823,2025-02-18T06:06:05
emp_000553,case_001824,2025-02-15T11:59:22
emp_000358,case_001825,2025-02-09T01:41:07
emp_000284,case_001826,2025-07-09T16:00:36
emp_000348,case_001827,2025-07-23T23:13:41
emp_000112,case_001828,2025-07-05T12:28:51
emp_000043,case_001829,2025-06-07T18:47:08
emp_000340,case_001830,2025-03-18T08:00:18
emp_000251,case_001831,2025-03-22T08:42:50
emp_000275,case_001832,2025-11-06T15:13:41
emp_000253,case_001833,2025-08-25T00:42:23
emp_000263,case_001834,2025-11-10T06:42:28
emp_000518,case_001835,2025-02-13T19:32:09
emp_000502,case_001836,2025-01-16T04:03:00
emp_000589,case_001837,2025-05-16T05:54:52
emp_000428,case_001838,2025-05-22T21:54:35
emp_000146,case_001839,2025-10-03T01:39:10
emp_000076,case_001840,2025-04-16T08:38:14
emp_000383,case_001841,2025-06-02T13:01:34
emp_000426,case_001842,2025-08-05T07:37:26
emp_000365,case_001843,2025-10-24T03:28:44
emp_000050,case_001844,2025-09-19T19:21:45
emp_000492,case_001845,2025-03-19T18:47:38
emp_000483,case_001846,2025-11-29T06:44:49
emp_000598,case_001847,2025-02-24T02:36:27
emp_000043,case_001848,2025-07-04T02:12:07
emp_000387,case_001849,2025-09-30T07:12:05
emp_000059,case_001850,2025-04-18T10:56:21
emp_000337,case_001851,2025-05-03T03:17:16
emp_000219,case_001852,2025-02-27T19:14:18
emp_000356,case_001853,2025-09-05T04:46:34
emp_000362,case_001854,2025-04-04T05:25:08
emp_000188,case_001855,2025-10-21T02:23:54
emp_000319,case_001856,2025-02-02T04:31:27
emp_000059,case_001857,2025-05-09T19:43:07
emp_000519,case_001858,2025-12-05T04:33:47
emp_000206,case_001859,2025-05-28T01:23:08
emp_000340,case_001860,2025-09-26T21:33:44
emp_000369,case_001861,2025-07-03T14:17:27
emp_000369,case_001862,2025-12-12T02:29:19
emp_000209,case_001863,2025-08-16T19:09:33
emp_000344,case_001864,2025-05-20T22:09:52
emp_000010,case_001865,2025-12-14T13:37:49
emp_000169,case_001866,2025-12-21T12:33:32
emp_000299,case_001867,2025-04-19T04:05:02
emp_000095,case_001868,2025-12-24T18:15:20
emp_000386,case_001869,2025-10-18T09:41:18
emp_000132,case_001870,2025-05-18T14:26:10
emp_000107,case_001871,2025-12-26T03:10:43
emp_000540,case_001872,2025-03-03T01:07:47
emp_000208,case_001873,2025-07-03T22:52:54
emp_000334,case_001874,2025-07-11T20:19:52
emp_000537,case_001875,2025-01-19T12:38:11
emp_000460,case_001876,2025-07-26T19:39:40
emp_000387,case_001877,2025-07-06T10:32:04
emp_000343,case_001878,2025-08-07T02:25:17
emp_000235,case_001879,2025-10-16T13:52:10
emp_000137,case_001880,2025-12-28T02:56:55
