tag_id,entity_type,entity_id,scenario_type,is_adversarial,is_hard_negative
tag_000001,EMPLOYEE,emp_000027,legitimate_high_volume_support,False,True
tag_000002,EMPLOYEE,emp_000024,legitimate_high_volume_support,False,True
tag_000003,EMPLOYEE,emp_000026,legitimate_high_volume_support,False,True
tag_000004,EMPLOYEE,emp_000024,legitimate_high_volume_support,False,True
tag_000005,EMPLOYEE,emp_000010,legitimate_high_volume_support,False,True
tag_000006,TRANSACTION,txn_003801,legitimate_access_before_txn,False,True
tag_000007,EMPLOYEE,emp_000014,legitimate_high_volume_support,False,True
tag_000008,EMPLOYEE,emp_000013,legitimate_high_volume_support,False,True
tag_000009,TRANSACTION,txn_003802,legitimate_access_before_txn,False,True
tag_000010,EMPLOYEE,emp_000013,legitimate_high_volume_support,False,True
tag_000011,EMPLOYEE,emp_000008,legitimate_high_volume_support,False,True
tag_000012,EMPLOYEE,emp_000027,legitimate_high_volume_support,False,True
tag_000013,EMPLOYEE,emp_000017,legitimate_high_volume_support,False,True
tag_000014,EMPLOYEE,emp_000035,legitimate_high_volume_support,False,True
tag_000015,EMPLOYEE,emp_000002,legitimate_high_volume_support,False,True
tag_000016,EMPLOYEE,emp_000027,legitimate_high_volume_support,False,True
tag_000017,EMPLOYEE,emp_000003,legitimate_high_volume_support,False,True
tag_000018,EMPLOYEE,emp_000017,legitimate_high_volume_support,False,True
tag_000019,TRANSACTION,txn_003803,legitimate_access_before_txn,False,True
tag_000020,EMPLOYEE,emp_000027,legitimate_high_volume_support,False,True
tag_000021,TRANSACTION,txn_003804,legitimate_access_before_txn,False,True
tag_000022,EMPLOYEE,emp_000013,legitimate_high_volume_support,False,True
tag_000023,TRANSACTION,txn_003805,legitimate_access_before_txn,False,True
tag_000024,EMPLOYEE,emp_000027,legitimate_high_volume_support,False,True
tag_000025,TRANSACTION,txn_003806,legitimate_access_before_txn,False,True
tag_000026,EMPLOYEE,emp_000024,legitimate_high_volume_support,False,True
tag_000027,EMPLOYEE,emp_000035,legitimate_high_volume_support,False,True
tag_000028,EMPLOYEE,emp_000026,legitimate_high_volume_support,False,True
tag_000029,EMPLOYEE,emp_000004,legitimate_high_volume_support,False,True
tag_000030,EMPLOYEE,emp_000013,legitimate_high_volume_support,False,True
tag_000031,EMPLOYEE,emp_000026,legitimate_high_volume_support,False,True
tag_000032,TRANSACTION,txn_003807,legitimate_access_before_txn,False,True
tag_000033,EMPLOYEE,emp_000035,legitimate_high_volume_support,False,True
tag_000034,EMPLOYEE,emp_000014,legitimate_high_volume_support,False,True
tag_000035,EMPLOYEE,emp_000014,legitimate_high_volume_support,False,True
tag_000036,EMPLOYEE,emp_000010,legitimate_high_volume_support,False,True
tag_000037,EMPLOYEE,emp_000014,legitimate_high_volume_support,False,True
tag_000038,TRANSACTION,txn_003808,legitimate_access_before_txn,False,True
tag_000039,EMPLOYEE,emp_000008,legitimate_high_volume_support,False,True
tag_000040,EMPLOYEE,emp_000027,legitimate_high_volume_support,False,True
tag_000041,EMPLOYEE,emp_000028,legitimate_high_volume_support,False,True
tag_000042,EMPLOYEE,emp_000004,legitimate_high_volume_support,False,True
tag_000043,EMPLOYEE,emp_000020,legitimate_high_volume_support,False,True
tag_000044,TRANSACTION,txn_003809,legitimate_access_before_txn,False,True
tag_000045,EMPLOYEE,emp_000011,legitimate_high_volume_support,False,True
tag_000046,EMPLOYEE,emp_000028,legitimate_high_volume_support,False,True
tag_000047,EMPLOYEE,emp_000024,legitimate_high_volume_support,False,True
tag_000048,EMPLOYEE,emp_000035,legitimate_high_volume_support,False,True
tag_000049,EMPLOYEE,emp_000024,legitimate_high_volume_support,False,True
tag_000050,EMPLOYEE,emp_000023,legitimate_high_volume_support,False,True
tag_000051,EMPLOYEE,emp_000027,legitimate_high_volume_support,False,True
tag_000052,EMPLOYEE,emp_000004,legitimate_high_volume_support,False,True
tag_000053,EMPLOYEE,emp_000035,legitimate_high_volume_support,False,True
tag_000054,EMPLOYEE,emp_000013,legitimate_high_volume_support,False,True
tag_000055,EMPLOYEE,emp_000014,legitimate_high_volume_support,False,True
tag_000056,TRANSACTION,txn_003810,legitimate_access_before_txn,False,True
tag_000057,EMPLOYEE,emp_000024,legitimate_high_volume_support,False,True
tag_000058,EMPLOYEE,emp_000027,legitimate_high_volume_support,False,True
tag_000059,EMPLOYEE,emp_000010,legitimate_high_volume_support,False,True
tag_000060,EMPLOYEE,emp_000027,legitimate_high_volume_support,False,True
tag_000061,EMPLOYEE,emp_000003,legitimate_high_volume_support,False,True
tag_000062,TRANSACTION,txn_003811,legitimate_access_before_txn,False,True
tag_000063,EMPLOYEE,emp_000010,legitimate_high_volume_support,False,True
tag_000064,EMPLOYEE,emp_000010,legitimate_high_volume_support,False,True
tag_000065,TRANSACTION,txn_003812,legitimate_access_before_txn,False,True
tag_000066,EMPLOYEE,emp_000004,legitimate_high_volume_support,False,True
tag_000067,TRANSACTION,txn_003813,legitimate_access_before_txn,False,True
tag_000068,EMPLOYEE,emp_000027,legitimate_high_volume_support,False,True
tag_000069,EMPLOYEE,emp_000013,legitimate_high_volume_support,False,True
tag_000070,EMPLOYEE,emp_000014,legitimate_high_volume_support,False,True
tag_000071,EMPLOYEE,emp_000010,legitimate_high_volume_support,False,True
tag_000072,EMPLOYEE,emp_000026,legitimate_high_volume_support,False,True
tag_000073,EMPLOYEE,emp_000014,legitimate_high_volume_support,False,True
tag_000074,EMPLOYEE,emp_000004,legitimate_high_volume_support,False,True
tag_000075,EMPLOYEE,emp_000026,legitimate_high_volume_support,False,True
tag_000076,EMPLOYEE,emp_000008,legitimate_high_volume_support,False,True
tag_000077,TRANSACTION,txn_003814,legitimate_access_before_txn,False,True
tag_000078,EMPLOYEE,emp_000026,legitimate_high_volume_support,False,True
tag_000079,TRANSACTION,txn_003815,legitimate_access_before_txn,False,True
tag_000080,EMPLOYEE,emp_000017,legitimate_high_volume_support,False,True
tag_000081,EMPLOYEE,emp_000003,legitimate_high_volume_support,False,True
tag_000082,EMPLOYEE,emp_000028,legitimate_high_volume_support,False,True
tag_000083,EMPLOYEE,emp_000020,legitimate_high_volume_support,False,True
tag_000084,EMPLOYEE,emp_000004,legitimate_high_volume_support,False,True
tag_000085,TRANSACTION,txn_003816,legitimate_access_before_txn,False,True
tag_000086,EMPLOYEE,emp_000013,legitimate_high_volume_support,False,True
tag_000087,EMPLOYEE,emp_000013,legitimate_high_volume_support,False,True
tag_000088,EMPLOYEE,emp_000008,legitimate_high_volume_support,False,True
tag_000089,EMPLOYEE,emp_000002,legitimate_high_volume_support,False,True
tag_000090,EMPLOYEE,emp_000008,legitimate_high_volume_support,False,True
tag_000091,EMPLOYEE,emp_000024,legitimate_high_volume_support,False,True
tag_000092,TRANSACTION,txn_003817,legitimate_access_before_txn,False,True
tag_000093,EMPLOYEE,emp_000023,legitimate_high_volume_support,False,True
tag_000094,EMPLOYEE,emp_000011,legitimate_high_volume_support,False,True
tag_000095,EMPLOYEE,emp_000002,legitimate_high_volume_support,False,True
tag_000096,EMPLOYEE,emp_000028,legitimate_high_volume_support,False,True
tag_000097,EMPLOYEE,emp_000026,legitimate_high_volume_support,False,True
tag_000098,EMPLOYEE,emp_000027,legitimate_high_volume_support,False,True
tag_000099,EMPLOYEE,emp_000008,legitimate_high_volume_support,False,True
tag_000100,EMPLOYEE,emp_000008,legitimate_high_volume_support,False,True
tag_000101,EMPLOYEE,emp_000002,legitimate_high_volume_support,False,True
tag_000102,TRANSACTION,txn_003818,legitimate_access_before_txn,False,True
tag_000103,EMPLOYEE,emp_000014,legitimate_high_volume_support,False,True
tag_000104,EMPLOYEE,emp_000013,legitimate_high_volume_support,False,True
tag_000105,TRANSACTION,txn_003819,legitimate_access_before_txn,False,True
tag_000106,EMPLOYEE,emp_000008,legitimate_high_volume_support,False,True
tag_000107,TRANSACTION,txn_003820,legitimate_access_before_txn,False,True
tag_000108,EMPLOYEE,emp_000008,legitimate_high_volume_support,False,True
tag_000109,EMPLOYEE,emp_000020,legitimate_high_volume_support,False,True
tag_000110,TRANSACTION,txn_003821,legitimate_access_before_txn,False,True
tag_000111,EMPLOYEE,emp_000008,legitimate_high_volume_support,False,True
tag_000112,TRANSACTION,txn_003822,legitimate_access_before_txn,False,True
tag_000113,EMPLOYEE,emp_000020,legitimate_high_volume_support,False,True
tag_000114,EMPLOYEE,emp_000013,legitimate_high_volume_support,False,True
tag_000115,EMPLOYEE,emp_000023,legitimate_high_volume_support,False,True
tag_000116,EMPLOYEE,emp_000027,legitimate_high_volume_support,False,True
tag_000117,TRANSACTION,txn_003823,legitimate_access_before_txn,False,True
tag_000118,EMPLOYEE,emp_000013,legitimate_high_volume_support,False,True
tag_000119,EMPLOYEE,emp_000013,legitimate_high_volume_support,False,True
tag_000120,EMPLOYEE,emp_000010,legitimate_high_volume_support,False,True
tag_000121,EMPLOYEE,emp_000008,legitimate_high_volume_support,False,True
tag_000122,EMPLOYEE,emp_000026,legitimate_high_volume_support,False,True
tag_000123,EMPLOYEE,emp_000004,legitimate_high_volume_support,False,True
tag_000124,EMPLOYEE,emp_000013,legitimate_high_volume_support,False,True
tag_000125,EMPLOYEE,emp_000020,legitimate_high_volume_support,False,True
tag_000126,EMPLOYEE,emp_000013,legitimate_high_volume_support,False,True
tag_000127,EMPLOYEE,emp_000010,legitimate_high_volume_support,False,True
tag_000128,EMPLOYEE,emp_000035,legitimate_high_volume_support,False,True
tag_000129,EMPLOYEE,emp_000020,legitimate_high_volume_support,False,True
tag_000130,EMPLOYEE,emp_000008,legitimate_high_volume_support,False,True
tag_000131,EMPLOYEE,emp_000023,legitimate_high_volume_support,False,True
tag_000132,EMPLOYEE,emp_000011,legitimate_high_volume_support,False,True
tag_000133,TRANSACTION,txn_003824,legitimate_access_before_txn,False,True
tag_000134,EMPLOYEE,emp_000023,legitimate_high_volume_support,False,True
tag_000135,EMPLOYEE,emp_000003,legitimate_high_volume_support,False,True
tag_000136,EMPLOYEE,emp_000014,legitimate_high_volume_support,False,True
tag_000137,TRANSACTION,txn_003825,legitimate_access_before_txn,False,True
tag_000138,EMPLOYEE,emp_000010,legitimate_high_volume_support,False,True
tag_000139,EMPLOYEE,emp_000014,legitimate_high_volume_support,False,True
tag_000140,EMPLOYEE,emp_000024,legitimate_high_volume_support,False,True
tag_000141,EMPLOYEE,emp_000035,legitimate_high_volume_support,False,True
tag_000142,EMPLOYEE,emp_000011,legitimate_high_volume_support,False,True
tag_000143,EMPLOYEE,emp_000011,legitimate_high_volume_support,False,True
tag_000144,TRANSACTION,txn_003826,legitimate_access_before_txn,False,True
tag_000145,EMPLOYEE,emp_000002,legitimate_high_volume_support,False,True
tag_000146,TRANSACTION,txn_003827,legitimate_access_before_txn,False,True
tag_000147,EMPLOYEE,emp_000004,legitimate_high_volume_support,False,True
tag_000148,EMPLOYEE,emp_000014,legitimate_high_volume_support,False,True
tag_000149,TRANSACTION,txn_003828,legitimate_access_before_txn,False,True
tag_000150,EMPLOYEE,emp_000017,legitimate_high_volume_support,False,True
tag_000151,EMPLOYEE,emp_000011,legitimate_high_volume_support,False,True
tag_000152,EMPLOYEE,emp_000002,legitimate_high_volume_support,False,True
tag_000153,TRANSACTION,txn_003829,legitimate_access_before_txn,False,True
tag_000154,EMPLOYEE,emp_000008,legitimate_high_volume_support,False,True
tag_000155,TRANSACTION,txn_003830,legitimate_access_before_txn,False,True
tag_000156,EMPLOYEE,emp_000023,legitimate_high_volume_support,False,True
tag_000157,EMPLOYEE,emp_000013,legitimate_high_volume_support,False,True
tag_000158,EMPLOYEE,emp_000004,legitimate_high_volume_support,False,True
tag_000159,EMPLOYEE,emp_000027,legitimate_high_volume_support,False,True
tag_000160,TRANSACTION,txn_003831,legitimate_access_before_txn,False,True
tag_000161,EMPLOYEE,emp_000008,legitimate_high_volume_support,False,True
tag_000162,TRANSACTION,txn_003832,legitimate_access_before_txn,False,True
tag_000163,EMPLOYEE,emp_000002,legitimate_high_volume_support,False,True
tag_000164,EMPLOYEE,emp_000014,legitimate_high_volume_support,False,True
tag_000165,EMPLOYEE,emp_000026,legitimate_high_volume_support,False,True
tag_000166,EMPLOYEE,emp_000028,legitimate_high_volume_support,False,True
tag_000167,EMPLOYEE,emp_000028,legitimate_high_volume_support,False,True
tag_000168,TRANSACTION,txn_003833,legitimate_access_before_txn,False,True
tag_000169,EMPLOYEE,emp_000002,legitimate_high_volume_support,False,True
tag_000170,TRANSACTION,txn_003834,legitimate_access_before_txn,False,True
tag_000171,EMPLOYEE,emp_000020,legitimate_high_volume_support,False,True
tag_000172,EMPLOYEE,emp_000020,legitimate_high_volume_support,False,True
tag_000173,EMPLOYEE,emp_000002,legitimate_high_volume_support,False,True
tag_000174,EMPLOYEE,emp_000014,legitimate_high_volume_support,False,True
tag_000175,EMPLOYEE,emp_000024,legitimate_high_volume_support,False,True
tag_000176,TRANSACTION,txn_003835,legitimate_access_before_txn,False,True
tag_000177,EMPLOYEE,emp_000017,legitimate_high_volume_support,False,True
tag_000178,TRANSACTION,txn_003836,legitimate_access_before_txn,False,True
tag_000179,EMPLOYEE,emp_000026,legitimate_high_volume_support,False,True
tag_000180,TRANSACTION,txn_003837,legitimate_access_before_txn,False,True
tag_000181,EMPLOYEE,emp_000026,legitimate_high_volume_support,False,True
tag_000182,TRANSACTION,txn_003838,legitimate_access_before_txn,False,True
tag_000183,EMPLOYEE,emp_000003,legitimate_high_volume_support,False,True
tag_000184,TRANSACTION,txn_003839,legitimate_access_before_txn,False,True
tag_000185,EMPLOYEE,emp_000020,legitimate_high_volume_support,False,True
tag_000186,TRANSACTION,txn_003840,legitimate_access_before_txn,False,True
tag_000187,EMPLOYEE,emp_000026,legitimate_high_volume_support,False,True
tag_000188,EMPLOYEE,emp_000004,legitimate_high_volume_support,False,True
tag_000189,TRANSACTION,txn_003841,legitimate_access_before_txn,False,True
tag_000190,EMPLOYEE,emp_000027,legitimate_high_volume_support,False,True
tag_000191,EMPLOYEE,emp_000004,legitimate_high_volume_support,False,True
tag_000192,EMPLOYEE,emp_000017,legitimate_high_volume_support,False,True
tag_000193,EMPLOYEE,emp_000013,legitimate_high_volume_support,False,True
tag_000194,EMPLOYEE,emp_000035,legitimate_high_volume_support,False,True
tag_000195,EMPLOYEE,emp_000002,legitimate_high_volume_support,False,True
tag_000196,EMPLOYEE,emp_000013,legitimate_high_volume_support,False,True
tag_000197,TRANSACTION,txn_003842,legitimate_access_before_txn,False,True
tag_000198,EMPLOYEE,emp_000020,legitimate_high_volume_support,False,True
tag_000199,TRANSACTION,txn_003843,legitimate_access_before_txn,False,True
tag_000200,EMPLOYEE,emp_000028,legitimate_high_volume_support,False,True
tag_000201,EMPLOYEE,emp_000004,legitimate_high_volume_support,False,True
tag_000202,EMPLOYEE,emp_000017,legitimate_high_volume_support,False,True
tag_000203,EMPLOYEE,emp_000027,legitimate_high_volume_support,False,True
tag_000204,EMPLOYEE,emp_000035,legitimate_high_volume_support,False,True
tag_000205,EMPLOYEE,emp_000020,legitimate_high_volume_support,False,True
tag_000206,EMPLOYEE,emp_000017,legitimate_high_volume_support,False,True
tag_000207,EMPLOYEE,emp_000004,legitimate_high_volume_support,False,True
tag_000208,EMPLOYEE,emp_000028,legitimate_high_volume_support,False,True
tag_000209,EMPLOYEE,emp_000023,legitimate_high_volume_support,False,True
tag_000210,EMPLOYEE,emp_000004,legitimate_high_volume_support,False,True
tag_000211,EMPLOYEE,emp_000028,legitimate_high_volume_support,False,True
tag_000212,TRANSACTION,txn_003844,legitimate_access_before_txn,False,True
tag_000213,EMPLOYEE,emp_000002,legitimate_high_volume_support,False,True
tag_000214,EMPLOYEE,emp_000020,legitimate_high_volume_support,False,True
tag_000215,EMPLOYEE,emp_000004,legitimate_high_volume_support,False,True
tag_000216,EMPLOYEE,emp_000027,legitimate_high_volume_support,False,True
tag_000217,TRANSACTION,txn_003845,legitimate_access_before_txn,False,True
tag_000218,EMPLOYEE,emp_000020,legitimate_high_volume_support,False,True
tag_000219,EMPLOYEE,emp_000011,legitimate_high_volume_support,False,True
tag_000220,EMPLOYEE,emp_000026,legitimate_high_volume_support,False,True
tag_000221,EMPLOYEE,emp_000002,legitimate_high_volume_support,False,True
tag_000222,EMPLOYEE,emp_000017,legitimate_high_volume_support,False,True
tag_000223,EMPLOYEE,emp_000008,legitimate_high_volume_support,False,True
tag_000224,EMPLOYEE,emp_000011,legitimate_high_volume_support,False,True
tag_000225,TRANSACTION,txn_003846,legitimate_access_before_txn,False,True
tag_000226,EMPLOYEE,emp_000003,legitimate_high_volume_support,False,True
tag_000227,EMPLOYEE,emp_000026,legitimate_high_volume_support,False,True
tag_000228,EMPLOYEE,emp_000035,legitimate_high_volume_support,False,True
tag_000229,EMPLOYEE,emp_000011,legitimate_high_volume_support,False,True
tag_000230,EMPLOYEE,emp_000011,legitimate_high_volume_support,False,True
tag_000231,EMPLOYEE,emp_000008,legitimate_high_volume_support,False,True
tag_000232,EMPLOYEE,emp_000002,legitimate_high_volume_support,False,True
tag_000233,EMPLOYEE,emp_000013,legitimate_high_volume_support,False,True
tag_000234,EMPLOYEE,emp_000035,legitimate_high_volume_support,False,True
tag_000235,EMPLOYEE,emp_000017,legitimate_high_volume_support,False,True
tag_000236,EMPLOYEE,emp_000003,legitimate_high_volume_support,False,True
tag_000237,EMPLOYEE,emp_000020,legitimate_high_volume_support,False,True
tag_000238,EMPLOYEE,emp_000024,legitimate_high_volume_support,False,True
tag_000239,EMPLOYEE,emp_000011,legitimate_high_volume_support,False,True
tag_000240,EMPLOYEE,emp_000010,legitimate_high_volume_support,False,True
tag_000241,EMPLOYEE,emp_000013,legitimate_high_volume_support,False,True
tag_000242,EMPLOYEE,emp_000026,legitimate_high_volume_support,False,True
tag_000243,EMPLOYEE,emp_000035,legitimate_high_volume_support,False,True
tag_000244,EMPLOYEE,emp_000028,legitimate_high_volume_support,False,True
tag_000245,EMPLOYEE,emp_000011,legitimate_high_volume_support,False,True
tag_000246,EMPLOYEE,emp_000026,legitimate_high_volume_support,False,True
tag_000247,TRANSACTION,txn_003847,legitimate_access_before_txn,False,True
tag_000248,EMPLOYEE,emp_000027,legitimate_high_volume_support,False,True
tag_000249,EMPLOYEE,emp_000008,legitimate_high_volume_support,False,True
tag_000250,EMPLOYEE,emp_000004,legitimate_high_volume_support,False,True
tag_000251,EMPLOYEE,emp_000035,legitimate_high_volume_support,False,True
tag_000252,EMPLOYEE,emp_000008,legitimate_high_volume_support,False,True
tag_000253,EMPLOYEE,emp_000008,legitimate_high_volume_support,False,True
tag_000254,EMPLOYEE,emp_000028,legitimate_high_volume_support,False,True
tag_000255,EMPLOYEE,emp_000011,legitimate_high_volume_support,False,True
tag_000256,EMPLOYEE,emp_000024,legitimate_high_volume_support,False,True
tag_000257,EMPLOYEE,emp_000028,legitimate_high_volume_support,False,True
tag_000258,TRANSACTION,txn_003848,legitimate_access_before_txn,False,True
tag_000259,EMPLOYEE,emp_000017,legitimate_high_volume_support,False,True
tag_000260,EMPLOYEE,emp_000017,legitimate_high_volume_support,False,True
tag_000261,EMPLOYEE,emp_000028,legitimate_high_volume_support,False,True
tag_000262,TRANSACTION,txn_003849,legitimate_access_before_txn,False,True
tag_000263,EMPLOYEE,emp_000017,legitimate_high_volume_support,False,True
tag_000264,EMPLOYEE,emp_000017,legitimate_high_volume_support,False,True
tag_000265,EMPLOYEE,emp_000010,legitimate_high_volume_support,False,True
tag_000266,EMPLOYEE,emp_000010,legitimate_high_volume_support,False,True
tag_000267,EMPLOYEE,emp_000017,legitimate_high_volume_support,False,True
tag_000268,EMPLOYEE,emp_000002,legitimate_high_volume_support,False,True
tag_000269,TRANSACTION,txn_003850,legitimate_access_before_txn,False,True
tag_000270,EMPLOYEE,emp_000035,legitimate_high_volume_support,False,True
tag_000271,EMPLOYEE,emp_000014,legitimate_high_volume_support,False,True
tag_000272,EMPLOYEE,emp_000003,legitimate_high_volume_support,False,True
tag_000273,EMPLOYEE,emp_000004,legitimate_high_volume_support,False,True
tag_000274,EMPLOYEE,emp_000008,legitimate_high_volume_support,False,True
tag_000275,TRANSACTION,txn_003851,legitimate_access_before_txn,False,True
tag_000276,EMPLOYEE,emp_000028,legitimate_high_volume_support,False,True
tag_000277,TRANSACTION,txn_003852,legitimate_access_before_txn,False,True
tag_000278,EMPLOYEE,emp_000017,legitimate_high_volume_support,False,True
tag_000279,TRANSACTION,txn_003853,legitimate_access_before_txn,False,True
tag_000280,EMPLOYEE,emp_000024,legitimate_high_volume_support,False,True
tag_000281,EMPLOYEE,emp_000017,legitimate_high_volume_support,False,True
tag_000282,TRANSACTION,txn_003854,legitimate_access_before_txn,False,True
tag_000283,EMPLOYEE,emp_000002,legitimate_high_volume_support,False,True
tag_000284,TRANSACTION,txn_003855,legitimate_access_before_txn,False,True
tag_000285,EMPLOYEE,emp_000020,legitimate_high_volume_support,False,True
tag_000286,EMPLOYEE,emp_000035,legitimate_high_volume_support,False,True
tag_000287,TRANSACTION,txn_003856,legitimate_access_before_txn,False,True
tag_000288,EMPLOYEE,emp_000027,legitimate_high_volume_support,False,True
tag_000289,EMPLOYEE,emp_000013,legitimate_high_volume_support,False,True
tag_000290,EMPLOYEE,emp_000024,legitimate_high_volume_support,False,True
tag_000291,TRANSACTION,txn_003857,legitimate_access_before_txn,False,True
tag_000292,EMPLOYEE,emp_000002,legitimate_high_volume_support,False,True
tag_000293,EMPLOYEE,emp_000002,legitimate_high_volume_support,False,True
tag_000294,EMPLOYEE,emp_000020,legitimate_high_volume_support,False,True
tag_000295,EMPLOYEE,emp_000002,legitimate_high_volume_support,False,True
tag_000296,EMPLOYEE,emp_000014,legitimate_high_volume_support,False,True
tag_000297,EMPLOYEE,emp_000002,legitimate_high_volume_support,False,True
tag_000298,EMPLOYEE,emp_000035,legitimate_high_volume_support,False,True
tag_000299,EMPLOYEE,emp_000010,legitimate_high_volume_support,False,True
tag_000300,TRANSACTION,txn_003858,legitimate_access_before_txn,False,True
tag_000301,EMPLOYEE,emp_000026,legitimate_high_volume_support,False,True
tag_000302,EMPLOYEE,emp_000011,legitimate_high_volume_support,False,True
tag_000303,EMPLOYEE,emp_000008,legitimate_high_volume_support,False,True
tag_000304,EMPLOYEE,emp_000003,legitimate_high_volume_support,False,True
tag_000305,EMPLOYEE,emp_000003,legitimate_high_volume_support,False,True
tag_000306,TRANSACTION,txn_003859,legitimate_access_before_txn,False,True
tag_000307,EMPLOYEE,emp_000017,legitimate_high_volume_support,False,True
tag_000308,EMPLOYEE,emp_000023,legitimate_high_volume_support,False,True
tag_000309,EMPLOYEE,emp_000026,legitimate_high_volume_support,False,True
tag_000310,EMPLOYEE,emp_000020,legitimate_high_volume_support,False,True
tag_000311,EMPLOYEE,emp_000008,legitimate_high_volume_support,False,True
tag_000312,EMPLOYEE,emp_000008,legitimate_high_volume_support,False,True
tag_000313,TRANSACTION,txn_003860,legitimate_access_before_txn,False,True
tag_000314,EMPLOYEE,emp_000017,legitimate_high_volume_support,False,True
tag_000315,TRANSACTION,txn_003861,legitimate_access_before_txn,False,True
tag_000316,EMPLOYEE,emp_000008,legitimate_high_volume_support,False,True
tag_000317,EMPLOYEE,emp_000014,legitimate_high_volume_support,False,True
tag_000318,EMPLOYEE,emp_000004,legitimate_high_volume_support,False,True
tag_000319,EMPLOYEE,emp_000026,legitimate_high_volume_support,False,True
tag_000320,EMPLOYEE,emp_000003,legitimate_high_volume_support,False,True
tag_000321,EMPLOYEE,emp_000028,legitimate_high_volume_support,False,True
tag_000322,EMPLOYEE,emp_000014,legitimate_high_volume_support,False,True
tag_000323,EMPLOYEE,emp_000017,legitimate_high_volume_support,False,True
tag_000324,EMPLOYEE,emp_000002,legitimate_high_volume_support,False,True
tag_000325,TRANSACTION,txn_003862,legitimate_access_before_txn,False,True
tag_000326,EMPLOYEE,emp_000035,legitimate_high_volume_support,False,True
tag_000327,TRANSACTION,txn_003863,legitimate_access_before_txn,False,True
tag_000328,EMPLOYEE,emp_000011,legitimate_high_volume_support,False,True
tag_000329,EMPLOYEE,emp_000002,legitimate_high_volume_support,False,True
tag_000330,EMPLOYEE,emp_000026,legitimate_high_volume_support,False,True
tag_000331,EMPLOYEE,emp_000004,legitimate_high_volume_support,False,True
tag_000332,TRANSACTION,txn_003864,legitimate_access_before_txn,False,True
tag_000333,EMPLOYEE,emp_000013,legitimate_high_volume_support,False,True
tag_000334,EMPLOYEE,emp_000010,legitimate_high_volume_support,False,True
tag_000335,TRANSACTION,txn_003865,legitimate_access_before_txn,False,True
tag_000336,EMPLOYEE,emp_000011,legitimate_high_volume_support,False,True
tag_000337,EMPLOYEE,emp_000010,legitimate_high_volume_support,False,True
tag_000338,TRANSACTION,txn_003866,legitimate_access_before_txn,False,True
tag_000339,EMPLOYEE,emp_000020,legitimate_high_volume_support,False,True
tag_000340,EMPLOYEE,emp_000020,legitimate_high_volume_support,False,True
tag_000341,EMPLOYEE,emp_000028,legitimate_high_volume_support,False,True
tag_000342,TRANSACTION,txn_003867,legitimate_access_before_txn,False,True
tag_000343,EMPLOYEE,emp_000035,legitimate_high_volume_support,False,True
tag_000344,TRANSACTION,txn_003868,legitimate_access_before_txn,False,True
tag_000345,EMPLOYEE,emp_000004,legitimate_high_volume_support,False,True
tag_000346,EMPLOYEE,emp_000002,legitimate_high_volume_support,False,True
tag_000347,EMPLOYEE,emp_000011,legitimate_high_volume_support,False,True
tag_000348,EMPLOYEE,emp_000002,legitimate_high_volume_support,False,True
tag_000349,EMPLOYEE,emp_000011,legitimate_high_volume_support,False,True
tag_000350,EMPLOYEE,emp_000010,legitimate_high_volume_support,False,True
tag_000351,TRANSACTION,txn_003869,legitimate_access_before_txn,False,True
tag_000352,EMPLOYEE,emp_000009,legitimate_analyst_repeated_review,False,True
tag_000353,EMPLOYEE,emp_000033,legitimate_analyst_repeated_review,False,True
tag_000354,EMPLOYEE,emp_000009,legitimate_analyst_repeated_review,False,True
tag_000355,EMPLOYEE,emp_000012,legitimate_analyst_repeated_review,False,True
tag_000356,EMPLOYEE,emp_000012,legitimate_analyst_repeated_review,False,True
tag_000357,EMPLOYEE,emp_000016,legitimate_analyst_repeated_review,False,True
tag_000358,EMPLOYEE,emp_000012,legitimate_analyst_repeated_review,False,True
tag_000359,EMPLOYEE,emp_000012,legitimate_analyst_repeated_review,False,True
tag_000360,EMPLOYEE,emp_000012,legitimate_analyst_repeated_review,False,True
tag_000361,EMPLOYEE,emp_000009,legitimate_analyst_repeated_review,False,True
tag_000362,EMPLOYEE,emp_000016,legitimate_analyst_repeated_review,False,True
tag_000363,EMPLOYEE,emp_000033,legitimate_analyst_repeated_review,False,True
tag_000364,EMPLOYEE,emp_000016,legitimate_analyst_repeated_review,False,True
tag_000365,EMPLOYEE,emp_000012,legitimate_analyst_repeated_review,False,True
tag_000366,EMPLOYEE,emp_000033,legitimate_analyst_repeated_review,False,True
tag_000367,EMPLOYEE,emp_000009,legitimate_analyst_repeated_review,False,True
tag_000368,EMPLOYEE,emp_000009,legitimate_analyst_repeated_review,False,True
tag_000369,EMPLOYEE,emp_000009,legitimate_analyst_repeated_review,False,True
tag_000370,EMPLOYEE,emp_000033,legitimate_analyst_repeated_review,False,True
tag_000371,EMPLOYEE,emp_000016,legitimate_analyst_repeated_review,False,True
tag_000372,EMPLOYEE,emp_000016,legitimate_analyst_repeated_review,False,True
tag_000373,EMPLOYEE,emp_000033,legitimate_analyst_repeated_review,False,True
tag_000374,EMPLOYEE,emp_000033,legitimate_analyst_repeated_review,False,True
tag_000375,EMPLOYEE,emp_000016,legitimate_analyst_repeated_review,False,True
tag_000376,EMPLOYEE,emp_000033,legitimate_analyst_repeated_review,False,True
tag_000377,EMPLOYEE,emp_000009,legitimate_analyst_repeated_review,False,True
tag_000378,EMPLOYEE,emp_000033,legitimate_analyst_repeated_review,False,True
tag_000379,EMPLOYEE,emp_000012,legitimate_analyst_repeated_review,False,True
tag_000380,EMPLOYEE,emp_000016,legitimate_analyst_repeated_review,False,True
tag_000381,EMPLOYEE,emp_000009,legitimate_analyst_repeated_review,False,True
tag_000382,EMPLOYEE,emp_000009,legitimate_analyst_repeated_review,False,True
tag_000383,EMPLOYEE,emp_000012,legitimate_analyst_repeated_review,False,True
tag_000384,EMPLOYEE,emp_000009,legitimate_analyst_repeated_review,False,True
tag_000385,EMPLOYEE,emp_000012,legitimate_analyst_repeated_review,False,True
tag_000386,EMPLOYEE,emp_000012,legitimate_analyst_repeated_review,False,True
tag_000387,EMPLOYEE,emp_000033,legitimate_analyst_repeated_review,False,True
tag_000388,EMPLOYEE,emp_000016,legitimate_analyst_repeated_review,False,True
tag_000389,EMPLOYEE,emp_000033,legitimate_analyst_repeated_review,False,True
tag_000390,EMPLOYEE,emp_000009,legitimate_analyst_repeated_review,False,True
tag_000391,EMPLOYEE,emp_000033,legitimate_analyst_repeated_review,False,True
tag_000392,EMPLOYEE,emp_000033,legitimate_analyst_repeated_review,False,True
tag_000393,EMPLOYEE,emp_000033,legitimate_analyst_repeated_review,False,True
tag_000394,EMPLOYEE,emp_000012,legitimate_analyst_repeated_review,False,True
tag_000395,EMPLOYEE,emp_000009,legitimate_analyst_repeated_review,False,True
tag_000396,EMPLOYEE,emp_000016,legitimate_analyst_repeated_review,False,True
tag_000397,EMPLOYEE,emp_000016,legitimate_analyst_repeated_review,False,True
tag_000398,EMPLOYEE,emp_000009,legitimate_analyst_repeated_review,False,True
tag_000399,EMPLOYEE,emp_000016,legitimate_analyst_repeated_review,False,True
tag_000400,EMPLOYEE,emp_000009,legitimate_analyst_repeated_review,False,True
tag_000401,EMPLOYEE,emp_000009,legitimate_analyst_repeated_review,False,True
tag_000402,EMPLOYEE,emp_000009,legitimate_analyst_repeated_review,False,True
tag_000403,EMPLOYEE,emp_000009,legitimate_analyst_repeated_review,False,True
tag_000404,EMPLOYEE,emp_000012,legitimate_analyst_repeated_review,False,True
tag_000405,EMPLOYEE,emp_000033,legitimate_analyst_repeated_review,False,True
tag_000406,EMPLOYEE,emp_000033,legitimate_analyst_repeated_review,False,True
tag_000407,EMPLOYEE,emp_000012,legitimate_analyst_repeated_review,False,True
tag_000408,EMPLOYEE,emp_000012,legitimate_analyst_repeated_review,False,True
tag_000409,EMPLOYEE,emp_000012,legitimate_analyst_repeated_review,False,True
tag_000410,EMPLOYEE,emp_000012,legitimate_analyst_repeated_review,False,True
tag_000411,EMPLOYEE,emp_000016,legitimate_analyst_repeated_review,False,True
tag_000412,EMPLOYEE,emp_000009,legitimate_analyst_repeated_review,False,True
tag_000413,EMPLOYEE,emp_000016,legitimate_analyst_repeated_review,False,True
tag_000414,EMPLOYEE,emp_000012,legitimate_analyst_repeated_review,False,True
tag_000415,EMPLOYEE,emp_000009,legitimate_analyst_repeated_review,False,True
tag_000416,EMPLOYEE,emp_000009,legitimate_analyst_repeated_review,False,True
tag_000417,EMPLOYEE,emp_000033,legitimate_analyst_repeated_review,False,True
tag_000418,EMPLOYEE,emp_000033,legitimate_analyst_repeated_review,False,True
tag_000419,EMPLOYEE,emp_000033,legitimate_analyst_repeated_review,False,True
tag_000420,EMPLOYEE,emp_000016,legitimate_analyst_repeated_review,False,True
tag_000421,EMPLOYEE,emp_000033,legitimate_analyst_repeated_review,False,True
tag_000422,EMPLOYEE,emp_000013,legitimate_shared_corporate_infra,False,True
tag_000423,EMPLOYEE,emp_000008,legitimate_shared_corporate_infra,False,True
tag_000424,EMPLOYEE,emp_000001,legitimate_shared_corporate_infra,False,True
tag_000425,EMPLOYEE,emp_000035,legitimate_shared_corporate_infra,False,True
tag_000426,EMPLOYEE,emp_000008,legitimate_shared_corporate_infra,False,True
tag_000427,EMPLOYEE,emp_000004,legitimate_shared_corporate_infra,False,True
tag_000428,EMPLOYEE,emp_000008,legitimate_shared_corporate_infra,False,True
tag_000429,EMPLOYEE,emp_000040,legitimate_shared_corporate_infra,False,True
tag_000430,EMPLOYEE,emp_000025,legitimate_shared_corporate_infra,False,True
tag_000431,EMPLOYEE,emp_000026,legitimate_shared_corporate_infra,False,True
tag_000432,EMPLOYEE,emp_000018,legitimate_shared_corporate_infra,False,True
tag_000433,EMPLOYEE,emp_000001,legitimate_shared_corporate_infra,False,True
tag_000434,EMPLOYEE,emp_000001,legitimate_shared_corporate_infra,False,True
tag_000435,EMPLOYEE,emp_000016,legitimate_shared_corporate_infra,False,True
tag_000436,EMPLOYEE,emp_000021,legitimate_shared_corporate_infra,False,True
tag_000437,EMPLOYEE,emp_000038,legitimate_shared_corporate_infra,False,True
tag_000438,EMPLOYEE,emp_000039,legitimate_shared_corporate_infra,False,True
tag_000439,EMPLOYEE,emp_000036,legitimate_shared_corporate_infra,False,True
tag_000440,EMPLOYEE,emp_000035,legitimate_shared_corporate_infra,False,True
tag_000441,EMPLOYEE,emp_000004,legitimate_shared_corporate_infra,False,True
tag_000442,EMPLOYEE,emp_000038,legitimate_shared_corporate_infra,False,True
tag_000443,EMPLOYEE,emp_000014,legitimate_shared_corporate_infra,False,True
tag_000444,EMPLOYEE,emp_000038,legitimate_shared_corporate_infra,False,True
tag_000445,EMPLOYEE,emp_000016,legitimate_shared_corporate_infra,False,True
tag_000446,EMPLOYEE,emp_000037,legitimate_shared_corporate_infra,False,True
tag_000447,EMPLOYEE,emp_000034,legitimate_shared_corporate_infra,False,True
tag_000448,EMPLOYEE,emp_000029,legitimate_shared_corporate_infra,False,True
tag_000449,EMPLOYEE,emp_000021,legitimate_shared_corporate_infra,False,True
tag_000450,EMPLOYEE,emp_000014,legitimate_shared_corporate_infra,False,True
tag_000451,EMPLOYEE,emp_000023,legitimate_shared_corporate_infra,False,True
tag_000452,EMPLOYEE,emp_000034,legitimate_shared_corporate_infra,False,True
tag_000453,EMPLOYEE,emp_000022,legitimate_shared_corporate_infra,False,True
tag_000454,EMPLOYEE,emp_000033,legitimate_shared_corporate_infra,False,True
tag_000455,EMPLOYEE,emp_000036,legitimate_shared_corporate_infra,False,True
tag_000456,EMPLOYEE,emp_000003,legitimate_shared_corporate_infra,False,True
tag_000457,EMPLOYEE,emp_000034,legitimate_shared_corporate_infra,False,True
tag_000458,EMPLOYEE,emp_000012,legitimate_shared_corporate_infra,False,True
tag_000459,EMPLOYEE,emp_000040,legitimate_shared_corporate_infra,False,True
tag_000460,EMPLOYEE,emp_000024,legitimate_shared_corporate_infra,False,True
tag_000461,EMPLOYEE,emp_000018,legitimate_shared_corporate_infra,False,True
tag_000462,EMPLOYEE,emp_000002,legitimate_shared_corporate_infra,False,True
tag_000463,EMPLOYEE,emp_000039,legitimate_shared_corporate_infra,False,True
tag_000464,EMPLOYEE,emp_000012,legitimate_shared_corporate_infra,False,True
tag_000465,EMPLOYEE,emp_000037,legitimate_shared_corporate_infra,False,True
tag_000466,EMPLOYEE,emp_000005,legitimate_shared_corporate_infra,False,True
tag_000467,EMPLOYEE,emp_000017,legitimate_shared_corporate_infra,False,True
tag_000468,EMPLOYEE,emp_000020,legitimate_shared_corporate_infra,False,True
tag_000469,ACCOUNT,acct_000767,legitimate_household_sharing,False,True
tag_000470,ACCOUNT,acct_000297,legitimate_household_sharing,False,True
tag_000471,ACCOUNT,acct_000225,legitimate_household_sharing,False,True
tag_000472,ACCOUNT,acct_000863,legitimate_household_sharing,False,True
tag_000473,ACCOUNT,acct_000716,legitimate_household_sharing,False,True
tag_000474,ACCOUNT,acct_000505,legitimate_household_sharing,False,True
tag_000475,ACCOUNT,acct_000936,legitimate_household_sharing,False,True
tag_000476,ACCOUNT,acct_000445,legitimate_household_sharing,False,True
tag_000477,ACCOUNT,acct_000099,legitimate_household_sharing,False,True
tag_000478,ACCOUNT,acct_000937,legitimate_household_sharing,False,True
tag_000479,ACCOUNT,acct_000827,legitimate_household_sharing,False,True
tag_000480,ACCOUNT,acct_000800,legitimate_household_sharing,False,True
tag_000481,ACCOUNT,acct_000824,legitimate_household_sharing,False,True
tag_000482,ACCOUNT,acct_000996,legitimate_household_sharing,False,True
tag_000483,ACCOUNT,acct_000731,legitimate_household_sharing,False,True
tag_000484,ACCOUNT,acct_000311,legitimate_household_sharing,False,True
tag_000485,ACCOUNT,acct_000526,legitimate_household_sharing,False,True
tag_000486,ACCOUNT,acct_000610,legitimate_household_sharing,False,True
tag_000487,ACCOUNT,acct_000373,legitimate_household_sharing,False,True
tag_000488,ACCOUNT,acct_000029,legitimate_household_sharing,False,True
tag_000489,ACCOUNT,acct_000493,legitimate_household_sharing,False,True
tag_000490,ACCOUNT,acct_000213,legitimate_household_sharing,False,True
tag_000491,ACCOUNT,acct_000657,legitimate_household_sharing,False,True
tag_000492,ACCOUNT,acct_000985,legitimate_household_sharing,False,True
tag_000493,ACCOUNT,acct_001012,legitimate_household_sharing,False,True
tag_000494,ACCOUNT,acct_000019,legitimate_household_sharing,False,True
tag_000495,ACCOUNT,acct_000829,legitimate_household_sharing,False,True
tag_000496,ACCOUNT,acct_000711,legitimate_household_sharing,False,True
tag_000497,ACCOUNT,acct_000135,legitimate_household_sharing,False,True
tag_000498,ACCOUNT,acct_000210,legitimate_household_sharing,False,True
tag_000499,ACCOUNT,acct_000269,legitimate_household_sharing,False,True
tag_000500,ACCOUNT,acct_000569,legitimate_household_sharing,False,True
tag_000501,ACCOUNT,acct_000756,legitimate_household_sharing,False,True
tag_000502,ACCOUNT,acct_000120,legitimate_household_sharing,False,True
tag_000503,ACCOUNT,acct_000969,legitimate_household_sharing,False,True
tag_000504,ACCOUNT,acct_000897,legitimate_household_sharing,False,True
tag_000505,ACCOUNT,acct_000479,legitimate_household_sharing,False,True
tag_000506,ACCOUNT,acct_000893,legitimate_household_sharing,False,True
tag_000507,ACCOUNT,acct_000459,legitimate_household_sharing,False,True
tag_000508,ACCOUNT,acct_000671,legitimate_household_sharing,False,True
tag_000509,ACCOUNT,acct_000088,legitimate_household_sharing,False,True
tag_000510,ACCOUNT,acct_000864,legitimate_household_sharing,False,True
tag_000511,ACCOUNT,acct_001048,legitimate_household_sharing,False,True
tag_000512,ACCOUNT,acct_000100,legitimate_household_sharing,False,True
tag_000513,ACCOUNT,acct_000211,legitimate_household_sharing,False,True
tag_000514,ACCOUNT,acct_000285,legitimate_household_sharing,False,True
tag_000515,ACCOUNT,acct_000300,legitimate_household_sharing,False,True
tag_000516,ACCOUNT,acct_000942,legitimate_household_sharing,False,True
tag_000517,ACCOUNT,acct_000246,legitimate_household_sharing,False,True
tag_000518,ACCOUNT,acct_000857,legitimate_household_sharing,False,True
tag_000519,ACCOUNT,acct_000851,legitimate_household_sharing,False,True
tag_000520,ACCOUNT,acct_000351,legitimate_household_sharing,False,True
tag_000521,ACCOUNT,acct_000423,legitimate_household_sharing,False,True
tag_000522,ACCOUNT,acct_000469,legitimate_household_sharing,False,True
tag_000523,ACCOUNT,acct_000734,legitimate_household_sharing,False,True
tag_000524,ACCOUNT,acct_000370,legitimate_household_sharing,False,True
tag_000525,ACCOUNT,acct_000860,legitimate_household_sharing,False,True
tag_000526,ACCOUNT,acct_000003,legitimate_household_sharing,False,True
tag_000527,ACCOUNT,acct_000174,legitimate_household_sharing,False,True
tag_000528,ACCOUNT,acct_000945,legitimate_household_sharing,False,True
tag_000529,ACCOUNT,acct_000917,legitimate_household_sharing,False,True
tag_000530,ACCOUNT,acct_000356,legitimate_household_sharing,False,True
tag_000531,ACCOUNT,acct_000854,legitimate_household_sharing,False,True
tag_000532,ACCOUNT,acct_000704,legitimate_household_sharing,False,True
tag_000533,ACCOUNT,acct_000688,legitimate_household_sharing,False,True
tag_000534,ACCOUNT,acct_001035,legitimate_household_sharing,False,True
tag_000535,ACCOUNT,acct_000138,legitimate_household_sharing,False,True
tag_000536,ACCOUNT,acct_000418,legitimate_household_sharing,False,True
tag_000537,ACCOUNT,acct_000261,legitimate_household_sharing,False,True
tag_000538,ACCOUNT,acct_000891,legitimate_household_sharing,False,True
tag_000539,ACCOUNT,acct_000202,legitimate_household_sharing,False,True
tag_000540,ACCOUNT,acct_000389,legitimate_household_sharing,False,True
tag_000541,ACCOUNT,acct_000533,legitimate_household_sharing,False,True
tag_000542,ACCOUNT,acct_000280,legitimate_household_sharing,False,True
tag_000543,EMPLOYEE,emp_000032,legitimate_transaction_modification,False,True
tag_000544,EMPLOYEE,emp_000005,legitimate_transaction_modification,False,True
tag_000545,EMPLOYEE,emp_000032,legitimate_transaction_modification,False,True
tag_000546,EMPLOYEE,emp_000005,legitimate_transaction_modification,False,True
tag_000547,EMPLOYEE,emp_000032,legitimate_transaction_modification,False,True
tag_000548,EMPLOYEE,emp_000005,legitimate_transaction_modification,False,True
tag_000549,EMPLOYEE,emp_000005,legitimate_transaction_modification,False,True
tag_000550,EMPLOYEE,emp_000005,legitimate_transaction_modification,False,True
tag_000551,EMPLOYEE,emp_000005,legitimate_transaction_modification,False,True
tag_000552,EMPLOYEE,emp_000005,legitimate_transaction_modification,False,True
tag_000553,EMPLOYEE,emp_000005,legitimate_transaction_modification,False,True
tag_000554,EMPLOYEE,emp_000005,legitimate_transaction_modification,False,True
tag_000555,EMPLOYEE,emp_000005,legitimate_transaction_modification,False,True
tag_000556,EMPLOYEE,emp_000032,legitimate_transaction_modification,False,True
tag_000557,EMPLOYEE,emp_000005,legitimate_transaction_modification,False,True
tag_000558,EMPLOYEE,emp_000005,legitimate_transaction_modification,False,True
tag_000559,EMPLOYEE,emp_000005,legitimate_transaction_modification,False,True
tag_000560,EMPLOYEE,emp_000005,legitimate_transaction_modification,False,True
tag_000561,EMPLOYEE,emp_000005,legitimate_transaction_modification,False,True
tag_000562,EMPLOYEE,emp_000032,legitimate_transaction_modification,False,True
tag_000563,EMPLOYEE,emp_000032,legitimate_transaction_modification,False,True
tag_000564,EMPLOYEE,emp_000005,legitimate_transaction_modification,False,True
tag_000565,EMPLOYEE,emp_000005,legitimate_transaction_modification,False,True
tag_000566,EMPLOYEE,emp_000005,legitimate_transaction_modification,False,True
tag_000567,EMPLOYEE,emp_000005,legitimate_transaction_modification,False,True
tag_000568,EMPLOYEE,emp_000032,legitimate_transaction_modification,False,True
tag_000569,EMPLOYEE,emp_000005,legitimate_transaction_modification,False,True
tag_000570,EMPLOYEE,emp_000032,legitimate_transaction_modification,False,True
tag_000571,EMPLOYEE,emp_000032,legitimate_transaction_modification,False,True
tag_000572,EMPLOYEE,emp_000032,legitimate_transaction_modification,False,True
tag_000573,EMPLOYEE,emp_000005,legitimate_transaction_modification,False,True
tag_000574,EMPLOYEE,emp_000005,legitimate_transaction_modification,False,True
tag_000575,EMPLOYEE,emp_000005,legitimate_transaction_modification,False,True
tag_000576,EMPLOYEE,emp_000005,legitimate_transaction_modification,False,True
tag_000577,EMPLOYEE,emp_000005,legitimate_transaction_modification,False,True
tag_000578,EMPLOYEE,emp_000032,legitimate_transaction_modification,False,True
tag_000579,EMPLOYEE,emp_000005,legitimate_transaction_modification,False,True
tag_000580,EMPLOYEE,emp_000005,legitimate_transaction_modification,False,True
tag_000581,EMPLOYEE,emp_000005,legitimate_transaction_modification,False,True
tag_000582,EMPLOYEE,emp_000005,legitimate_transaction_modification,False,True
tag_000583,EMPLOYEE,emp_000032,legitimate_transaction_modification,False,True
tag_000584,EMPLOYEE,emp_000032,legitimate_transaction_modification,False,True
tag_000585,EMPLOYEE,emp_000005,legitimate_transaction_modification,False,True
tag_000586,EMPLOYEE,emp_000005,legitimate_transaction_modification,False,True
tag_000587,EMPLOYEE,emp_000032,legitimate_transaction_modification,False,True
tag_000588,EMPLOYEE,emp_000005,legitimate_transaction_modification,False,True
tag_000589,EMPLOYEE,emp_000005,legitimate_transaction_modification,False,True
tag_000590,ACCOUNT,acct_000607,legitimate_account_recovery,False,True
tag_000591,ACCOUNT,acct_001023,legitimate_account_recovery,False,True
tag_000592,ACCOUNT,acct_000159,legitimate_account_recovery,False,True
tag_000593,ACCOUNT,acct_000070,legitimate_account_recovery,False,True
tag_000594,ACCOUNT,acct_000483,legitimate_account_recovery,False,True
tag_000595,ACCOUNT,acct_000644,legitimate_account_recovery,False,True
tag_000596,ACCOUNT,acct_000936,legitimate_account_recovery,False,True
tag_000597,ACCOUNT,acct_000769,legitimate_account_recovery,False,True
tag_000598,ACCOUNT,acct_000485,legitimate_account_recovery,False,True
tag_000599,ACCOUNT,acct_000761,legitimate_account_recovery,False,True
tag_000600,ACCOUNT,acct_000336,legitimate_account_recovery,False,True
tag_000601,ACCOUNT,acct_000021,legitimate_account_recovery,False,True
tag_000602,ACCOUNT,acct_000549,legitimate_account_recovery,False,True
tag_000603,ACCOUNT,acct_000929,legitimate_account_recovery,False,True
tag_000604,ACCOUNT,acct_000562,legitimate_account_recovery,False,True
tag_000605,ACCOUNT,acct_001104,legitimate_account_recovery,False,True
tag_000606,ACCOUNT,acct_000089,legitimate_account_recovery,False,True
tag_000607,ACCOUNT,acct_000336,legitimate_account_recovery,False,True
tag_000608,ACCOUNT,acct_000222,legitimate_account_recovery,False,True
tag_000609,ACCOUNT,acct_000004,legitimate_account_recovery,False,True
tag_000610,ACCOUNT,acct_000483,legitimate_account_recovery,False,True
tag_000611,ACCOUNT,acct_000494,legitimate_account_recovery,False,True
tag_000612,ACCOUNT,acct_000096,legitimate_account_recovery,False,True
tag_000613,TRANSACTION,txn_003870,employee_collusion,False,False
tag_000614,EMPLOYEE,emp_000001,employee_collusion,False,False
tag_000615,TRANSACTION,txn_003871,employee_collusion,False,False
tag_000616,EMPLOYEE,emp_000001,employee_collusion,False,False
tag_000617,TRANSACTION,txn_003872,employee_collusion,False,False
tag_000618,EMPLOYEE,emp_000001,employee_collusion,False,False
tag_000619,TRANSACTION,txn_003873,employee_collusion,False,False
tag_000620,EMPLOYEE,emp_000001,employee_collusion,False,False
tag_000621,TRANSACTION,txn_003874,employee_collusion,False,False
tag_000622,EMPLOYEE,emp_000001,employee_collusion,False,False
tag_000623,TRANSACTION,txn_003875,employee_collusion,False,False
tag_000624,EMPLOYEE,emp_000001,employee_collusion,False,False
tag_000625,TRANSACTION,txn_003876,employee_collusion,False,False
tag_000626,EMPLOYEE,emp_000001,employee_collusion,False,False
tag_000627,TRANSACTION,txn_003877,employee_collusion,False,False
tag_000628,EMPLOYEE,emp_000001,employee_collusion,False,False
tag_000629,TRANSACTION,txn_003878,employee_collusion,False,False
tag_000630,EMPLOYEE,emp_000001,employee_collusion,False,False
tag_000631,TRANSACTION,txn_003879,employee_collusion,False,False
tag_000632,EMPLOYEE,emp_000001,employee_collusion,False,False
tag_000633,TRANSACTION,txn_003880,employee_collusion,False,False
tag_000634,EMPLOYEE,emp_000001,employee_collusion,False,False
tag_000635,TRANSACTION,txn_003881,employee_collusion,False,False
tag_000636,EMPLOYEE,emp_000001,employee_collusion,False,False
tag_000637,TRANSACTION,txn_003882,employee_collusion,False,False
tag_000638,EMPLOYEE,emp_000001,employee_collusion,False,False
tag_000639,TRANSACTION,txn_003883,employee_collusion,False,False
tag_000640,EMPLOYEE,emp_000001,employee_collusion,False,False
tag_000641,TRANSACTION,txn_003884,employee_collusion,False,False
tag_000642,EMPLOYEE,emp_000001,employee_collusion,False,False
tag_000643,TRANSACTION,txn_003885,employee_collusion,False,False
tag_000644,EMPLOYEE,emp_000001,employee_collusion,False,False
tag_000645,TRANSACTION,txn_003886,employee_collusion,False,False
tag_000646,EMPLOYEE,emp_000001,employee_collusion,False,False
tag_000647,TRANSACTION,txn_003887,employee_collusion,False,False
tag_000648,EMPLOYEE,emp_000001,employee_collusion,False,False
tag_000649,TRANSACTION,txn_003888,employee_collusion,False,False
tag_000650,EMPLOYEE,emp_000001,employee_collusion,False,False
tag_000651,TRANSACTION,txn_003889,employee_collusion,False,False
tag_000652,EMPLOYEE,emp_000001,employee_collusion,False,False
tag_000653,TRANSACTION,txn_003890,employee_collusion,False,False
tag_000654,EMPLOYEE,emp_000001,employee_collusion,False,False
tag_000655,TRANSACTION,txn_003891,employee_collusion,False,False
tag_000656,EMPLOYEE,emp_000001,employee_collusion,False,False
tag_000657,TRANSACTION,txn_003892,employee_collusion,False,False
tag_000658,EMPLOYEE,emp_000001,employee_collusion,False,False
tag_000659,TRANSACTION,txn_003893,employee_collusion,False,False
tag_000660,EMPLOYEE,emp_000001,employee_collusion,False,False
tag_000661,TRANSACTION,txn_003894,employee_collusion,False,False
tag_000662,EMPLOYEE,emp_000001,employee_collusion,False,False
tag_000663,TRANSACTION,txn_003895,employee_collusion,False,False
tag_000664,EMPLOYEE,emp_000002,employee_collusion,False,False
tag_000665,TRANSACTION,txn_003896,employee_collusion,False,False
tag_000666,EMPLOYEE,emp_000002,employee_collusion,False,False
tag_000667,TRANSACTION,txn_003897,employee_collusion,False,False
tag_000668,EMPLOYEE,emp_000002,employee_collusion,False,False
tag_000669,TRANSACTION,txn_003898,employee_collusion,False,False
tag_000670,EMPLOYEE,emp_000002,employee_collusion,False,False
tag_000671,TRANSACTION,txn_003899,employee_collusion,False,False
tag_000672,EMPLOYEE,emp_000002,employee_collusion,False,False
tag_000673,TRANSACTION,txn_003900,employee_collusion,False,False
tag_000674,EMPLOYEE,emp_000002,employee_collusion,False,False
tag_000675,TRANSACTION,txn_003901,employee_collusion,False,False
tag_000676,EMPLOYEE,emp_000002,employee_collusion,False,False
tag_000677,TRANSACTION,txn_003902,employee_collusion,False,False
tag_000678,EMPLOYEE,emp_000002,employee_collusion,False,False
tag_000679,TRANSACTION,txn_003903,employee_collusion,False,False
tag_000680,EMPLOYEE,emp_000002,employee_collusion,False,False
tag_000681,TRANSACTION,txn_003904,employee_collusion,False,False
tag_000682,EMPLOYEE,emp_000002,employee_collusion,False,False
tag_000683,TRANSACTION,txn_003905,employee_collusion,False,False
tag_000684,EMPLOYEE,emp_000002,employee_collusion,False,False
tag_000685,TRANSACTION,txn_003906,employee_collusion,False,False
tag_000686,EMPLOYEE,emp_000002,employee_collusion,False,False
tag_000687,TRANSACTION,txn_003907,employee_collusion,False,False
tag_000688,EMPLOYEE,emp_000002,employee_collusion,False,False
tag_000689,TRANSACTION,txn_003908,employee_collusion,False,False
tag_000690,EMPLOYEE,emp_000002,employee_collusion,False,False
tag_000691,TRANSACTION,txn_003909,employee_collusion,False,False
tag_000692,EMPLOYEE,emp_000002,employee_collusion,False,False
tag_000693,TRANSACTION,txn_003910,employee_collusion,False,False
tag_000694,EMPLOYEE,emp_000002,employee_collusion,False,False
tag_000695,TRANSACTION,txn_003911,employee_collusion,False,False
tag_000696,EMPLOYEE,emp_000002,employee_collusion,False,False
tag_000697,TRANSACTION,txn_003912,employee_collusion,False,False
tag_000698,EMPLOYEE,emp_000002,employee_collusion,False,False
tag_000699,TRANSACTION,txn_003913,employee_collusion,False,False
tag_000700,EMPLOYEE,emp_000002,employee_collusion,False,False
tag_000701,TRANSACTION,txn_003914,employee_collusion,False,False
tag_000702,EMPLOYEE,emp_000002,employee_collusion,False,False
tag_000703,TRANSACTION,txn_003915,employee_collusion,False,False
tag_000704,EMPLOYEE,emp_000002,employee_collusion,False,False
tag_000705,TRANSACTION,txn_003916,employee_collusion,False,False
tag_000706,EMPLOYEE,emp_000002,employee_collusion,False,False
tag_000707,TRANSACTION,txn_003917,employee_collusion,False,False
tag_000708,EMPLOYEE,emp_000002,employee_collusion,False,False
tag_000709,TRANSACTION,txn_003918,employee_collusion,False,False
tag_000710,EMPLOYEE,emp_000002,employee_collusion,False,False
tag_000711,TRANSACTION,txn_003919,employee_collusion,False,False
tag_000712,EMPLOYEE,emp_000002,employee_collusion,False,False
tag_000713,TRANSACTION,txn_003920,employee_collusion,False,False
tag_000714,EMPLOYEE,emp_000003,employee_collusion,False,False
tag_000715,TRANSACTION,txn_003921,employee_collusion,False,False
tag_000716,EMPLOYEE,emp_000003,employee_collusion,False,False
tag_000717,TRANSACTION,txn_003922,employee_collusion,False,False
tag_000718,EMPLOYEE,emp_000003,employee_collusion,False,False
tag_000719,TRANSACTION,txn_003923,employee_collusion,False,False
tag_000720,EMPLOYEE,emp_000003,employee_collusion,False,False
tag_000721,TRANSACTION,txn_003924,employee_collusion,False,False
tag_000722,EMPLOYEE,emp_000003,employee_collusion,False,False
tag_000723,TRANSACTION,txn_003925,employee_collusion,False,False
tag_000724,EMPLOYEE,emp_000003,employee_collusion,False,False
tag_000725,TRANSACTION,txn_003926,employee_collusion,False,False
tag_000726,EMPLOYEE,emp_000003,employee_collusion,False,False
tag_000727,TRANSACTION,txn_003927,employee_collusion,False,False
tag_000728,EMPLOYEE,emp_000003,employee_collusion,False,False
tag_000729,TRANSACTION,txn_003928,employee_collusion,False,False
tag_000730,EMPLOYEE,emp_000003,employee_collusion,False,False
tag_000731,TRANSACTION,txn_003929,employee_collusion,False,False
tag_000732,EMPLOYEE,emp_000003,employee_collusion,False,False
tag_000733,TRANSACTION,txn_003930,employee_collusion,False,False
tag_000734,EMPLOYEE,emp_000003,employee_collusion,False,False
tag_000735,TRANSACTION,txn_003931,employee_collusion,False,False
tag_000736,EMPLOYEE,emp_000003,employee_collusion,False,False
tag_000737,TRANSACTION,txn_003932,employee_collusion,False,False
tag_000738,EMPLOYEE,emp_000003,employee_collusion,False,False
tag_000739,TRANSACTION,txn_003933,employee_collusion,False,False
tag_000740,EMPLOYEE,emp_000003,employee_collusion,False,False
tag_000741,TRANSACTION,txn_003934,employee_collusion,False,False
tag_000742,EMPLOYEE,emp_000003,employee_collusion,False,False
tag_000743,TRANSACTION,txn_003935,employee_collusion,False,False
tag_000744,EMPLOYEE,emp_000003,employee_collusion,False,False
tag_000745,TRANSACTION,txn_003936,employee_collusion,False,False
tag_000746,EMPLOYEE,emp_000003,employee_collusion,False,False
tag_000747,TRANSACTION,txn_003937,employee_collusion,False,False
tag_000748,EMPLOYEE,emp_000003,employee_collusion,False,False
tag_000749,TRANSACTION,txn_003938,employee_collusion,False,False
tag_000750,EMPLOYEE,emp_000003,employee_collusion,False,False
tag_000751,TRANSACTION,txn_003939,employee_collusion,False,False
tag_000752,EMPLOYEE,emp_000003,employee_collusion,False,False
tag_000753,TRANSACTION,txn_003940,employee_collusion,False,False
tag_000754,EMPLOYEE,emp_000003,employee_collusion,False,False
tag_000755,TRANSACTION,txn_003941,employee_collusion,False,False
tag_000756,EMPLOYEE,emp_000003,employee_collusion,False,False
tag_000757,TRANSACTION,txn_003942,employee_collusion,False,False
tag_000758,EMPLOYEE,emp_000003,employee_collusion,False,False
tag_000759,TRANSACTION,txn_003943,employee_collusion,False,False
tag_000760,EMPLOYEE,emp_000003,employee_collusion,False,False
tag_000761,TRANSACTION,txn_003944,employee_collusion,False,False
tag_000762,EMPLOYEE,emp_000003,employee_collusion,False,False
tag_000763,TRANSACTION,txn_003945,fraud_ring,False,False
tag_000764,TRANSACTION,txn_003946,fraud_ring,False,False
tag_000765,TRANSACTION,txn_003947,fraud_ring,False,False
tag_000766,TRANSACTION,txn_003948,fraud_ring,False,False
tag_000767,TRANSACTION,txn_003949,fraud_ring,False,False
tag_000768,TRANSACTION,txn_003950,fraud_ring,False,False
tag_000769,TRANSACTION,txn_003951,fraud_ring,False,False
tag_000770,TRANSACTION,txn_003952,fraud_ring,False,False
tag_000771,TRANSACTION,txn_003953,fraud_ring,False,False
tag_000772,TRANSACTION,txn_003954,fraud_ring,False,False
tag_000773,TRANSACTION,txn_003955,fraud_ring,False,False
tag_000774,TRANSACTION,txn_003956,fraud_ring,False,False
tag_000775,TRANSACTION,txn_003957,fraud_ring,False,False
tag_000776,TRANSACTION,txn_003958,fraud_ring,False,False
tag_000777,TRANSACTION,txn_003959,fraud_ring,False,False
tag_000778,TRANSACTION,txn_003960,fraud_ring,False,False
tag_000779,TRANSACTION,txn_003961,fraud_ring,False,False
tag_000780,TRANSACTION,txn_003962,fraud_ring,False,False
tag_000781,TRANSACTION,txn_003963,fraud_ring,False,False
tag_000782,TRANSACTION,txn_003964,fraud_ring,False,False
tag_000783,TRANSACTION,txn_003965,fraud_ring,False,False
tag_000784,TRANSACTION,txn_003966,fraud_ring,False,False
tag_000785,TRANSACTION,txn_003967,fraud_ring,False,False
tag_000786,TRANSACTION,txn_003968,fraud_ring,False,False
tag_000787,TRANSACTION,txn_003969,fraud_ring,False,False
tag_000788,TRANSACTION,txn_003970,fraud_ring,False,False
tag_000789,TRANSACTION,txn_003971,fraud_ring,False,False
tag_000790,TRANSACTION,txn_003972,fraud_ring,False,False
tag_000791,TRANSACTION,txn_003973,fraud_ring,False,False
tag_000792,TRANSACTION,txn_003974,fraud_ring,False,False
tag_000793,TRANSACTION,txn_003975,fraud_ring,False,False
tag_000794,TRANSACTION,txn_003976,fraud_ring,False,False
tag_000795,TRANSACTION,txn_003977,fraud_ring,False,False
tag_000796,TRANSACTION,txn_003978,fraud_ring,False,False
tag_000797,TRANSACTION,txn_003979,fraud_ring,False,False
tag_000798,TRANSACTION,txn_003980,fraud_ring,False,False
tag_000799,TRANSACTION,txn_003981,fraud_ring,False,False
tag_000800,TRANSACTION,txn_003982,fraud_ring,False,False
tag_000801,TRANSACTION,txn_003983,fraud_ring,False,False
tag_000802,TRANSACTION,txn_003984,fraud_ring,False,False
tag_000803,TRANSACTION,txn_003985,fraud_ring,False,False
tag_000804,TRANSACTION,txn_003986,fraud_ring,False,False
tag_000805,TRANSACTION,txn_003987,fraud_ring,False,False
tag_000806,TRANSACTION,txn_003988,fraud_ring,False,False
tag_000807,TRANSACTION,txn_003989,fraud_ring,False,False
tag_000808,TRANSACTION,txn_003990,fraud_ring,False,False
tag_000809,TRANSACTION,txn_003991,fraud_ring,False,False
tag_000810,TRANSACTION,txn_003992,fraud_ring,False,False
tag_000811,TRANSACTION,txn_003993,fraud_ring,False,False
tag_000812,TRANSACTION,txn_003994,fraud_ring,False,False
tag_000813,TRANSACTION,txn_003995,fraud_ring,False,False
tag_000814,TRANSACTION,txn_003996,fraud_ring,False,False
tag_000815,TRANSACTION,txn_003997,fraud_ring,False,False
tag_000816,TRANSACTION,txn_003998,fraud_ring,False,False
tag_000817,TRANSACTION,txn_003999,fraud_ring,False,False
tag_000818,TRANSACTION,txn_004000,fraud_ring,False,False
tag_000819,TRANSACTION,txn_004001,fraud_ring,False,False
tag_000820,TRANSACTION,txn_004002,fraud_ring,False,False
tag_000821,TRANSACTION,txn_004003,fraud_ring,False,False
tag_000822,TRANSACTION,txn_004004,fraud_ring,False,False
tag_000823,TRANSACTION,txn_004005,fraud_ring,False,False
tag_000824,TRANSACTION,txn_004006,fraud_ring,False,False
tag_000825,TRANSACTION,txn_004007,fraud_ring,False,False
tag_000826,TRANSACTION,txn_004008,fraud_ring,False,False
tag_000827,TRANSACTION,txn_004009,fraud_ring,False,False
tag_000828,TRANSACTION,txn_004010,fraud_ring,False,False
tag_000829,TRANSACTION,txn_004011,fraud_ring,False,False
tag_000830,TRANSACTION,txn_004012,fraud_ring,False,False
tag_000831,TRANSACTION,txn_004013,fraud_ring,False,False
tag_000832,TRANSACTION,txn_004014,fraud_ring,False,False
tag_000833,TRANSACTION,txn_004015,fraud_ring,False,False
tag_000834,TRANSACTION,txn_004016,fraud_ring,False,False
tag_000835,TRANSACTION,txn_004017,fraud_ring,False,False
tag_000836,TRANSACTION,txn_004018,fraud_ring,False,False
tag_000837,TRANSACTION,txn_004019,fraud_ring,False,False
tag_000838,TRANSACTION,txn_004020,account_takeover,False,False
tag_000839,TRANSACTION,txn_004021,account_takeover,False,False
tag_000840,TRANSACTION,txn_004022,account_takeover,False,False
tag_000841,TRANSACTION,txn_004023,account_takeover,False,False
tag_000842,TRANSACTION,txn_004024,account_takeover,False,False
tag_000843,TRANSACTION,txn_004025,account_takeover,False,False
tag_000844,TRANSACTION,txn_004026,account_takeover,False,False
tag_000845,TRANSACTION,txn_004027,account_takeover,False,False
tag_000846,TRANSACTION,txn_004028,account_takeover,False,False
tag_000847,TRANSACTION,txn_004029,account_takeover,False,False
tag_000848,TRANSACTION,txn_004030,account_takeover,False,False
tag_000849,TRANSACTION,txn_004031,account_takeover,False,False
tag_000850,TRANSACTION,txn_004032,account_takeover,False,False
tag_000851,TRANSACTION,txn_004033,account_takeover,False,False
tag_000852,TRANSACTION,txn_004034,account_takeover,False,False
tag_000853,TRANSACTION,txn_004035,account_takeover,False,False
tag_000854,TRANSACTION,txn_004036,account_takeover,False,False
tag_000855,TRANSACTION,txn_004037,account_takeover,False,False
tag_000856,TRANSACTION,txn_004038,account_takeover,False,False
tag_000857,TRANSACTION,txn_004039,account_takeover,False,False
tag_000858,TRANSACTION,txn_004040,account_takeover,False,False
tag_000859,TRANSACTION,txn_004041,account_takeover,False,False
tag_000860,TRANSACTION,txn_004042,account_takeover,False,False
tag_000861,TRANSACTION,txn_004043,account_takeover,False,False
tag_000862,TRANSACTION,txn_004044,account_takeover,False,False
tag_000863,TRANSACTION,txn_004045,account_takeover,False,False
tag_000864,TRANSACTION,txn_004046,account_takeover,False,False
tag_000865,TRANSACTION,txn_004047,account_takeover,False,False
tag_000866,TRANSACTION,txn_004048,account_takeover,False,False
tag_000867,TRANSACTION,txn_004049,account_takeover,False,False
tag_000868,TRANSACTION,txn_004050,account_takeover,False,False
tag_000869,TRANSACTION,txn_004051,account_takeover,False,False
tag_000870,TRANSACTION,txn_004052,account_takeover,False,False
tag_000871,TRANSACTION,txn_004053,account_takeover,False,False
tag_000872,TRANSACTION,txn_004054,account_takeover,False,False
tag_000873,TRANSACTION,txn_004055,account_takeover,False,False
tag_000874,TRANSACTION,txn_004056,account_takeover,False,False
tag_000875,TRANSACTION,txn_004057,account_takeover,False,False
tag_000876,TRANSACTION,txn_004058,account_takeover,False,False
tag_000877,TRANSACTION,txn_004059,account_takeover,False,False
tag_000878,TRANSACTION,txn_004060,account_takeover,False,False
tag_000879,TRANSACTION,txn_004061,account_takeover,False,False
tag_000880,TRANSACTION,txn_004062,account_takeover,False,False
tag_000881,TRANSACTION,txn_004063,account_takeover,False,False
tag_000882,TRANSACTION,txn_004064,account_takeover,False,False
tag_000883,TRANSACTION,txn_004065,account_takeover,False,False
tag_000884,TRANSACTION,txn_004066,account_takeover,False,False
tag_000885,TRANSACTION,txn_004067,account_takeover,False,False
tag_000886,TRANSACTION,txn_004068,account_takeover,False,False
tag_000887,TRANSACTION,txn_004069,account_takeover,False,False
tag_000888,TRANSACTION,txn_004070,account_takeover,False,False
tag_000889,TRANSACTION,txn_004071,account_takeover,False,False
tag_000890,TRANSACTION,txn_004072,account_takeover,False,False
tag_000891,TRANSACTION,txn_004073,account_takeover,False,False
tag_000892,TRANSACTION,txn_004074,account_takeover,False,False
tag_000893,TRANSACTION,txn_004075,account_takeover,False,False
tag_000894,TRANSACTION,txn_004076,account_takeover,False,False
tag_000895,TRANSACTION,txn_004077,card_testing,False,False
tag_000896,TRANSACTION,txn_004078,card_testing,False,False
tag_000897,TRANSACTION,txn_004079,card_testing,False,False
tag_000898,TRANSACTION,txn_004080,card_testing,False,False
tag_000899,TRANSACTION,txn_004081,card_testing,False,False
tag_000900,TRANSACTION,txn_004082,card_testing,False,False
tag_000901,TRANSACTION,txn_004083,card_testing,False,False
tag_000902,TRANSACTION,txn_004084,card_testing,False,False
tag_000903,TRANSACTION,txn_004085,card_testing,False,False
tag_000904,TRANSACTION,txn_004086,card_testing,False,False
tag_000905,TRANSACTION,txn_004087,card_testing,False,False
tag_000906,TRANSACTION,txn_004088,card_testing,False,False
tag_000907,TRANSACTION,txn_004089,card_testing,False,False
tag_000908,TRANSACTION,txn_004090,card_testing,False,False
tag_000909,TRANSACTION,txn_004091,card_testing,False,False
tag_000910,TRANSACTION,txn_004092,card_testing,False,False
tag_000911,TRANSACTION,txn_004093,card_testing,False,False
tag_000912,TRANSACTION,txn_004094,card_testing,False,False
tag_000913,TRANSACTION,txn_004095,card_testing,False,False
tag_000914,TRANSACTION,txn_004096,card_testing,False,False
tag_000915,TRANSACTION,txn_004097,card_testing,False,False
tag_000916,TRANSACTION,txn_004098,card_testing,False,False
tag_000917,TRANSACTION,txn_004099,card_testing,False,False
tag_000918,TRANSACTION,txn_004100,card_testing,False,False
tag_000919,TRANSACTION,txn_004101,card_testing,False,False
tag_000920,TRANSACTION,txn_004102,card_testing,False,False
tag_000921,TRANSACTION,txn_004103,card_testing,False,False
tag_000922,TRANSACTION,txn_004104,card_testing,False,False
tag_000923,TRANSACTION,txn_004105,card_testing,False,False
tag_000924,TRANSACTION,txn_004106,card_testing,False,False
tag_000925,TRANSACTION,txn_004107,card_testing,False,False
tag_000926,TRANSACTION,txn_004108,card_testing,False,False
tag_000927,TRANSACTION,txn_004109,card_testing,False,False
tag_000928,TRANSACTION,txn_004110,card_testing,False,False
tag_000929,TRANSACTION,txn_004111,card_testing,False,False
tag_000930,TRANSACTION,txn_004112,card_testing,False,False
tag_000931,TRANSACTION,txn_004113,card_testing,False,False
tag_000932,TRANSACTION,txn_004114,card_testing,False,False
tag_000933,TRANSACTION,txn_004115,card_testing,False,False
tag_000934,TRANSACTION,txn_004116,card_testing,False,False
tag_000935,TRANSACTION,txn_004117,card_testing,False,False
tag_000936,TRANSACTION,txn_004118,card_testing,False,False
tag_000937,TRANSACTION,txn_004119,bot_attack,False,False
tag_000938,TRANSACTION,txn_004120,bot_attack,False,False
tag_000939,TRANSACTION,txn_004121,bot_attack,False,False
tag_000940,TRANSACTION,txn_004122,bot_attack,False,False
tag_000941,TRANSACTION,txn_004123,bot_attack,False,False
tag_000942,TRANSACTION,txn_004124,bot_attack,False,False
tag_000943,TRANSACTION,txn_004125,bot_attack,False,False
tag_000944,TRANSACTION,txn_004126,bot_attack,False,False
tag_000945,TRANSACTION,txn_004127,bot_attack,False,False
tag_000946,TRANSACTION,txn_004128,bot_attack,False,False
tag_000947,TRANSACTION,txn_004129,bot_attack,False,False
tag_000948,TRANSACTION,txn_004130,bot_attack,False,False
tag_000949,TRANSACTION,txn_004131,bot_attack,False,False
tag_000950,TRANSACTION,txn_004132,bot_attack,False,False
tag_000951,TRANSACTION,txn_004133,bot_attack,False,False
tag_000952,TRANSACTION,txn_004134,bot_attack,False,False
tag_000953,TRANSACTION,txn_004135,bot_attack,False,False
tag_000954,TRANSACTION,txn_004136,bot_attack,False,False
tag_000955,TRANSACTION,txn_004137,bot_attack,False,False
tag_000956,TRANSACTION,txn_004138,bot_attack,False,False
tag_000957,TRANSACTION,txn_004139,bot_attack,False,False
tag_000958,TRANSACTION,txn_004140,bot_attack,False,False
tag_000959,TRANSACTION,txn_004141,bot_attack,False,False
tag_000960,TRANSACTION,txn_004142,bot_attack,False,False
tag_000961,TRANSACTION,txn_004143,bot_attack,False,False
tag_000962,TRANSACTION,txn_004144,bot_attack,False,False
tag_000963,TRANSACTION,txn_004145,bot_attack,False,False
tag_000964,TRANSACTION,txn_004146,bot_attack,False,False
tag_000965,TRANSACTION,txn_004147,bot_attack,False,False
tag_000966,TRANSACTION,txn_004148,bot_attack,False,False
tag_000967,TRANSACTION,txn_004149,bot_attack,False,False
tag_000968,TRANSACTION,txn_004150,bot_attack,False,False
tag_000969,TRANSACTION,txn_004151,bot_attack,False,False
tag_000970,TRANSACTION,txn_004152,bot_attack,False,False
tag_000971,TRANSACTION,txn_004153,bot_attack,False,False
tag_000972,TRANSACTION,txn_004154,bot_attack,False,False
tag_000973,TRANSACTION,txn_004155,bot_attack,False,False
tag_000974,TRANSACTION,txn_004156,bot_attack,False,False
tag_000975,TRANSACTION,txn_004157,bot_attack,False,False
tag_000976,TRANSACTION,txn_004158,bot_attack,False,False
tag_000977,TRANSACTION,txn_004159,bot_attack,False,False
tag_000978,TRANSACTION,txn_004160,sybil,False,False
tag_000979,TRANSACTION,txn_004161,sybil,False,False
tag_000980,TRANSACTION,txn_004162,sybil,False,False
tag_000981,TRANSACTION,txn_004163,sybil,False,False
tag_000982,TRANSACTION,txn_004164,sybil,False,False
tag_000983,TRANSACTION,txn_004165,sybil,False,False
tag_000984,TRANSACTION,txn_004166,sybil,False,False
tag_000985,TRANSACTION,txn_004167,sybil,False,False
tag_000986,TRANSACTION,txn_004168,sybil,False,False
tag_000987,TRANSACTION,txn_004169,sybil,False,False
tag_000988,TRANSACTION,txn_004170,sybil,False,False
tag_000989,TRANSACTION,txn_004171,sybil,False,False
tag_000990,TRANSACTION,txn_004172,sybil,False,False
tag_000991,TRANSACTION,txn_004173,sybil,False,False
tag_000992,TRANSACTION,txn_004174,sybil,False,False
tag_000993,TRANSACTION,txn_004175,sybil,False,False
tag_000994,TRANSACTION,txn_004176,sybil,False,False
tag_000995,TRANSACTION,txn_004177,sybil,False,False
tag_000996,TRANSACTION,txn_004178,sybil,False,False
tag_000997,TRANSACTION,txn_004179,sybil,False,False
tag_000998,DEVICE,device_000037,graph_poisoning_flood,True,False
tag_000999,EMPLOYEE,emp_000026,graph_poisoning_injected_edge,True,False
tag_001000,EMPLOYEE,emp_000017,graph_poisoning_injected_edge,True,False
tag_001001,EMPLOYEE,emp_000020,graph_poisoning_injected_edge,True,False
tag_001002,TRANSACTION,txn_004180,graph_poisoning_low_and_slow,True,False
tag_001003,TRANSACTION,txn_004181,graph_poisoning_low_and_slow,True,False
tag_001004,TRANSACTION,txn_004182,graph_poisoning_low_and_slow,True,False
