consumer_id,account_id,edge_timestamp
consumer_000001,acct_000001,2025-11-29T19:54:02
consumer_000002,acct_000002,2025-08-20T03:27:43
consumer_000003,acct_000003,2025-07-14T19:21:58
consumer_000004,acct_000004,2025-01-18T19:56:58
consumer_000005,acct_000005,2025-02-23T18:08:25
consumer_000006,acct_000006,2025-08-05T08:46:41
consumer_000007,acct_000007,2025-04-28T17:38:26
consumer_000008,acct_000008,2025-04-19T03:49:47
consumer_000009,acct_000009,2025-01-01T17:57:17
consumer_000010,acct_000010,2025-12-29T11:35:38
consumer_000011,acct_000011,2025-12-25T12:10:33
consumer_000012,acct_000012,2025-03-01T15:59:12
consumer_000013,acct_000013,2025-06-25T01:09:35
consumer_000014,acct_000014,2025-07-20T23:45:35
consumer_000014,acct_000015,2025-03-19T17:40:17
consumer_000015,acct_000016,2025-06-13T01:44:08
consumer_000016,acct_000017,2025-09-26T20:02:52
consumer_000017,acct_000018,2025-02-21T05:11:45
consumer_000018,acct_000019,2025-09-13T22:31:26
consumer_000019,acct_000020,2025-05-28T00:12:32
consumer_000020,acct_000021,2025-08-03T10:42:08
consumer_000020,acct_000022,2025-12-19T11:45:53
consumer_000021,acct_000023,2025-10-06T16:31:39
consumer_000022,acct_000024,2025-12-19T16:58:37
consumer_000023,acct_000025,2025-04-18T03:47:59
consumer_000024,acct_000026,2025-08-28T23:41:57
consumer_000025,acct_000027,2025-12-15T06:50:48
consumer_000026,acct_000028,2025-04-25T23:38:47
consumer_000027,acct_000029,2025-02-12T06:01:06
consumer_000028,acct_000030,2025-09-23T21:24:45
consumer_000029,acct_000031,2025-12-06T23:06:36
consumer_000029,acct_000032,2025-09-21T12:16:19
consumer_000029,acct_000033,2025-12-09T09:46:16
consumer_000030,acct_000034,2025-04-24T21:57:17
consumer_000031,acct_000035,2025-11-10T15:38:23
consumer_000032,acct_000036,2025-06-27T18:58:10
consumer_000032,acct_000037,2025-08-21T19:25:57
consumer_000032,acct_000038,2025-01-22T10:47:11
consumer_000033,acct_000039,2025-04-13T12:25:01
consumer_000034,acct_000040,2025-04-22T04:56:13
consumer_000035,acct_000041,2025-06-26T23:22:35
consumer_000036,acct_000042,2025-05-07T17:03:46
consumer_000037,acct_000043,2025-02-01T19:47:12
consumer_000038,acct_000044,2025-05-15T10:57:05
consumer_000039,acct_000045,2025-04-02T01:06:34
consumer_000040,acct_000046,2025-12-14T20:21:56
consumer_000041,acct_000047,2025-07-10T12:16:30
consumer_000041,acct_000048,2025-09-03T19:48:41
consumer_000042,acct_000049,2025-08-24T04:32:18
consumer_000043,acct_000050,2025-03-06T18:06:36
consumer_000044,acct_000051,2025-06-05T15:42:17
consumer_000045,acct_000052,2025-12-14T04:14:12
consumer_000046,acct_000053,2025-09-05T18:36:46
consumer_000047,acct_000054,2025-01-07T22:47:46
consumer_000048,acct_000055,2025-11-21T20:45:44
consumer_000049,acct_000056,2025-10-22T22:22:30
consumer_000050,acct_000057,2025-06-17T11:55:16
consumer_000051,acct_000058,2025-01-09T04:20:28
consumer_000051,acct_000059,2025-12-14T22:20:21
consumer_000051,acct_000060,2025-07-29T15:55:13
consumer_000052,acct_000061,2025-10-27T03:29:01
consumer_000052,acct_000062,2025-11-07T11:33:31
consumer_000053,acct_000063,2025-12-02T14:07:48
consumer_000054,acct_000064,2025-02-20T03:55:38
consumer_000055,acct_000065,2025-04-07T18:01:57
consumer_000055,acct_000066,2025-09-23T10:17:21
consumer_000055,acct_000067,2025-07-21T00:09:15
consumer_000056,acct_000068,2025-02-26T21:58:30
consumer_000057,acct_000069,2025-01-05T10:03:26
consumer_000058,acct_000070,2025-09-23T06:01:40
consumer_000059,acct_000071,2025-01-07T07:44:34
consumer_000060,acct_000072,2025-01-06T08:31:55
consumer_000061,acct_000073,2025-09-22T20:04:49
consumer_000062,acct_000074,2025-09-05T04:28:23
consumer_000063,acct_000075,2025-03-08T21:51:25
consumer_000063,acct_000076,2025-08-19T17:10:28
consumer_000064,acct_000077,2025-07-03T12:50:20
consumer_000065,acct_000078,2025-07-28T06:59:53
consumer_000066,acct_000079,2025-01-04T07:48:48
consumer_000067,acct_000080,2025-06-13T14:17:24
consumer_000068,acct_000081,2025-09-05T17:19:27
consumer_000069,acct_000082,2025-07-07T01:58:38
consumer_000070,acct_000083,2025-10-11T19:03:59
consumer_000071,acct_000084,2025-11-04T16:27:51
consumer_000072,acct_000085,2025-08-03T11:30:47
consumer_000072,acct_000086,2025-02-23T22:49:36
consumer_000073,acct_000087,2025-09-01T01:29:38
consumer_000074,acct_000088,2025-04-15T02:50:25
consumer_000075,acct_000089,2025-06-13T20:42:23
consumer_000076,acct_000090,2025-05-02T23:16:27
consumer_000077,acct_000091,2025-09-03T06:15:30
consumer_000077,acct_000092,2025-05-02T18:10:22
consumer_000077,acct_000093,2025-03-20T15:43:21
consumer_000078,acct_000094,2025-01-02T20:25:35
consumer_000079,acct_000095,2025-08-25T18:03:41
consumer_000080,acct_000096,2025-02-27T06:16:47
consumer_000081,acct_000097,2025-02-27T22:58:17
consumer_000082,acct_000098,2025-03-12T06:53:04
consumer_000083,acct_000099,2025-03-08T00:53:12
consumer_000084,acct_000100,2025-02-16T23:16:16
consumer_000084,acct_000101,2025-02-19T15:01:38
consumer_000085,acct_000102,2025-07-19T15:01:44
consumer_000086,acct_000103,2025-08-01T15:59:32
consumer_000087,acct_000104,2025-02-10T04:38:09
consumer_000088,acct_000105,2025-06-04T20:21:16
consumer_000089,acct_000106,2025-08-31T02:47:27
consumer_000089,acct_000107,2025-01-09T02:36:12
consumer_000089,acct_000108,2025-03-21T12:51:27
consumer_000090,acct_000109,2025-11-05T16:35:29
consumer_000090,acct_000110,2025-05-05T08:55:44
consumer_000091,acct_000111,2025-11-15T07:10:48
consumer_000092,acct_000112,2025-07-28T08:48:57
consumer_000093,acct_000113,2025-11-15T04:14:22
consumer_000094,acct_000114,2025-03-26T07:05:41
consumer_000095,acct_000115,2025-10-28T10:21:02
consumer_000095,acct_000116,2025-12-18T12:17:29
consumer_000095,acct_000117,2025-03-09T18:41:08
consumer_000096,acct_000118,2025-10-06T09:55:40
consumer_000097,acct_000119,2025-12-15T01:25:52
consumer_000098,acct_000120,2025-02-28T01:14:39
consumer_000099,acct_000121,2025-03-30T09:48:24
consumer_000100,acct_000122,2025-03-06T15:08:08
consumer_000101,acct_000123,2025-07-12T04:39:52
consumer_000102,acct_000124,2025-02-25T18:48:02
consumer_000103,acct_000125,2025-03-29T13:49:50
consumer_000104,acct_000126,2025-04-29T10:31:34
consumer_000105,acct_000127,2025-04-11T14:28:15
consumer_000105,acct_000128,2025-02-23T15:59:30
consumer_000105,acct_000129,2025-04-15T01:13:12
consumer_000106,acct_000130,2025-01-28T17:31:58
consumer_000107,acct_000131,2025-12-15T23:41:08
consumer_000108,acct_000132,2025-10-26T18:19:44
consumer_000109,acct_000133,2025-12-09T02:50:03
consumer_000110,acct_000134,2025-06-02T05:09:08
consumer_000111,acct_000135,2025-11-26T23:23:52
consumer_000111,acct_000136,2025-01-23T11:40:20
consumer_000111,acct_000137,2025-07-20T07:08:43
consumer_000112,acct_000138,2025-03-25T05:13:14
consumer_000113,acct_000139,2025-08-05T00:07:19
consumer_000114,acct_000140,2025-07-23T21:44:17
consumer_000115,acct_000141,2025-12-29T18:37:47
consumer_000116,acct_000142,2025-09-08T05:05:07
consumer_000117,acct_000143,2025-09-17T05:26:46
consumer_000118,acct_000144,2025-02-01T15:26:00
consumer_000119,acct_000145,2025-04-09T18:09:53
consumer_000119,acct_000146,2025-10-22T03:52:38
consumer_000120,acct_000147,2025-07-30T23:43:27
consumer_000121,acct_000148,2025-08-15T20:16:36
consumer_000121,acct_000149,2025-09-09T17:34:28
consumer_000122,acct_000150,2025-08-20T00:34:08
consumer_000123,acct_000151,2025-04-16T06:08:46
consumer_000124,acct_000152,2025-07-30T11:16:50
consumer_000125,acct_000153,2025-12-31T03:13:18
consumer_000126,acct_000154,2025-09-17T22:56:41
consumer_000127,acct_000155,2025-03-06T18:14:24
consumer_000128,acct_000156,2025-09-18T09:06:50
consumer_000129,acct_000157,2025-03-05T17:21:02
consumer_000130,acct_000158,2025-03-25T08:21:03
consumer_000131,acct_000159,2025-09-24T07:47:00
consumer_000131,acct_000160,2025-03-16T09:24:46
consumer_000132,acct_000161,2025-02-19T06:49:51
consumer_000133,acct_000162,2025-03-10T12:40:44
consumer_000133,acct_000163,2025-07-15T00:01:32
consumer_000134,acct_000164,2025-12-31T20:10:54
consumer_000135,acct_000165,2025-10-10T10:48:24
consumer_000135,acct_000166,2025-04-27T22:25:13
consumer_000136,acct_000167,2025-06-15T01:01:53
consumer_000136,acct_000168,2025-10-20T22:45:44
consumer_000137,acct_000169,2025-11-30T03:10:59
consumer_000138,acct_000170,2025-06-03T11:26:29
consumer_000139,acct_000171,2025-02-16T09:27:42
consumer_000140,acct_000172,2025-08-22T16:25:24
consumer_000141,acct_000173,2025-08-15T16:30:00
consumer_000142,acct_000174,2025-08-09T05:30:05
consumer_000143,acct_000175,2025-06-22T16:58:08
consumer_000143,acct_000176,2025-02-01T11:44:45
consumer_000143,acct_000177,2025-01-18T15:07:59
consumer_000144,acct_000178,2025-07-17T09:51:01
consumer_000144,acct_000179,2025-10-02T15:41:11
consumer_000144,acct_000180,2025-02-06T10:19:23
consumer_000145,acct_000181,2025-10-25T12:25:55
consumer_000146,acct_000182,2025-07-17T16:28:33
consumer_000147,acct_000183,2025-06-05T08:28:01
consumer_000148,acct_000184,2025-03-18T10:22:28
consumer_000149,acct_000185,2025-02-26T23:24:26
consumer_000150,acct_000186,2025-12-30T18:32:51
consumer_000151,acct_000187,2025-12-22T15:53:28
consumer_000152,acct_000188,2025-12-19T05:55:55
consumer_000153,acct_000189,2025-02-13T01:54:44
consumer_000154,acct_000190,2025-04-04T03:54:42
consumer_000155,acct_000191,2025-09-07T18:47:52
consumer_000156,acct_000192,2025-03-30T01:42:28
consumer_000157,acct_000193,2025-06-23T05:53:13
consumer_000158,acct_000194,2025-12-30T19:21:06
consumer_000159,acct_000195,2025-10-20T08:02:58
consumer_000159,acct_000196,2025-09-27T01:53:38
consumer_000160,acct_000197,2025-05-04T12:02:16
consumer_000161,acct_000198,2025-10-05T22:37:51
consumer_000162,acct_000199,2025-09-22T10:42:20
consumer_000162,acct_000200,2025-11-29T05:17:28
consumer_000163,acct_000201,2025-03-11T08:25:24
consumer_000164,acct_000202,2025-02-01T08:03:25
consumer_000165,acct_000203,2025-10-30T14:08:10
consumer_000166,acct_000204,2025-04-11T23:02:05
consumer_000167,acct_000205,2025-05-14T21:12:24
consumer_000167,acct_000206,2025-09-15T02:23:18
consumer_000168,acct_000207,2025-05-19T17:11:32
consumer_000169,acct_000208,2025-11-17T13:21:11
consumer_000170,acct_000209,2025-04-28T06:06:00
consumer_000171,acct_000210,2025-04-10T22:43:29
consumer_000172,acct_000211,2025-06-23T10:36:14
consumer_000173,acct_000212,2025-02-20T23:07:15
consumer_000174,acct_000213,2025-03-01T22:29:15
consumer_000175,acct_000214,2025-07-05T15:59:36
consumer_000176,acct_000215,2025-01-11T19:55:34
consumer_000177,acct_000216,2025-10-05T10:51:35
consumer_000178,acct_000217,2025-01-20T21:52:40
consumer_000179,acct_000218,2025-12-06T03:40:15
consumer_000180,acct_000219,2025-04-13T13:53:15
consumer_000181,acct_000220,2025-07-20T08:48:09
consumer_000181,acct_000221,2025-12-19T16:24:50
consumer_000182,acct_000222,2025-08-26T01:37:39
consumer_000183,acct_000223,2025-12-23T15:59:15
consumer_000184,acct_000224,2025-09-22T14:18:12
consumer_000185,acct_000225,2025-09-05T09:23:27
consumer_000186,acct_000226,2025-08-29T01:43:57
consumer_000187,acct_000227,2025-07-11T05:41:58
consumer_000188,acct_000228,2025-11-08T12:28:48
consumer_000189,acct_000229,2025-04-13T06:45:21
consumer_000190,acct_000230,2025-10-27T22:05:37
consumer_000191,acct_000231,2025-04-09T17:46:22
consumer_000192,acct_000232,2025-03-06T04:42:23
consumer_000193,acct_000233,2025-12-19T20:30:53
consumer_000194,acct_000234,2025-03-10T00:06:14
consumer_000195,acct_000235,2025-09-13T09:32:18
consumer_000196,acct_000236,2025-05-14T07:11:33
consumer_000196,acct_000237,2025-08-27T04:30:41
consumer_000197,acct_000238,2025-09-23T05:06:26
consumer_000198,acct_000239,2025-12-01T02:34:33
consumer_000199,acct_000240,2025-06-25T17:04:19
consumer_000199,acct_000241,2025-03-19T22:06:04
consumer_000200,acct_000242,2025-01-13T08:47:45
consumer_000200,acct_000243,2025-03-26T19:25:58
consumer_000201,acct_000244,2025-07-10T22:12:49
consumer_000202,acct_000245,2025-04-09T06:44:43
consumer_000202,acct_000246,2025-07-20T01:10:30
consumer_000203,acct_000247,2025-11-30T20:45:16
consumer_000204,acct_000248,2025-11-09T22:52:13
consumer_000205,acct_000249,2025-05-22T15:37:51
consumer_000206,acct_000250,2025-09-09T13:28:55
consumer_000207,acct_000251,2025-01-21T06:36:26
consumer_000208,acct_000252,2025-07-23T18:10:22
consumer_000209,acct_000253,2025-03-24T08:12:16
consumer_000210,acct_000254,2025-11-01T04:47:35
consumer_000210,acct_000255,2025-06-20T01:57:54
consumer_000211,acct_000256,2025-11-23T03:54:02
consumer_000212,acct_000257,2025-04-15T09:39:04
consumer_000213,acct_000258,2025-11-25T18:58:39
consumer_000214,acct_000259,2025-03-28T08:09:01
consumer_000215,acct_000260,2025-02-26T08:02:09
consumer_000216,acct_000261,2025-10-13T03:24:49
consumer_000217,acct_000262,2025-01-20T13:41:57
consumer_000218,acct_000263,2025-10-19T22:54:45
consumer_000219,acct_000264,2025-12-18T07:32:00
consumer_000220,acct_000265,2025-12-12T01:11:01
consumer_000221,acct_000266,2025-01-21T06:39:34
consumer_000222,acct_000267,2025-06-05T09:44:22
consumer_000223,acct_000268,2025-09-13T19:56:02
consumer_000223,acct_000269,2025-01-02T17:18:09
consumer_000224,acct_000270,2025-11-19T14:58:00
consumer_000225,acct_000271,2025-09-09T16:51:50
consumer_000226,acct_000272,2025-10-31T15:09:56
consumer_000227,acct_000273,2025-08-02T21:13:55
consumer_000228,acct_000274,2025-04-06T17:45:26
consumer_000229,acct_000275,2025-01-01T18:21:11
consumer_000230,acct_000276,2025-09-06T04:27:58
consumer_000230,acct_000277,2025-06-26T13:22:40
consumer_000231,acct_000278,2025-07-09T07:56:11
consumer_000231,acct_000279,2025-04-05T10:27:15
consumer_000232,acct_000280,2025-06-18T19:47:15
consumer_000233,acct_000281,2025-10-17T23:25:27
consumer_000234,acct_000282,2025-09-15T22:44:46
consumer_000235,acct_000283,2025-05-29T06:57:09
consumer_000236,acct_000284,2025-07-07T13:44:51
consumer_000236,acct_000285,2025-10-23T07:56:33
consumer_000237,acct_000286,2025-05-22T03:24:19
consumer_000237,acct_000287,2025-07-17T04:34:58
consumer_000238,acct_000288,2025-05-19T03:38:03
consumer_000238,acct_000289,2025-08-14T20:31:31
consumer_000239,acct_000290,2025-07-21T11:39:22
consumer_000239,acct_000291,2025-06-21T13:33:05
consumer_000240,acct_000292,2025-12-18T09:28:39
consumer_000241,acct_000293,2025-07-08T22:45:02
consumer_000241,acct_000294,2025-02-06T08:40:04
consumer_000241,acct_000295,2025-10-10T09:55:52
consumer_000242,acct_000296,2025-10-12T21:38:35
consumer_000243,acct_000297,2025-12-21T01:43:26
consumer_000243,acct_000298,2025-10-13T10:03:33
consumer_000244,acct_000299,2025-05-04T04:19:50
consumer_000245,acct_000300,2025-07-01T16:16:46
consumer_000246,acct_000301,2025-11-23T09:53:11
consumer_000247,acct_000302,2025-04-02T00:29:31
consumer_000247,acct_000303,2025-03-29T21:07:58
consumer_000247,acct_000304,2025-04-01T08:06:19
consumer_000248,acct_000305,2025-05-10T02:09:20
consumer_000249,acct_000306,2025-03-28T08:45:30
consumer_000250,acct_000307,2025-07-14T18:41:26
consumer_000251,acct_000308,2025-03-24T06:47:18
consumer_000252,acct_000309,2025-07-13T17:18:41
consumer_000253,acct_000310,2025-10-25T10:22:21
consumer_000254,acct_000311,2025-08-18T01:33:50
consumer_000255,acct_000312,2025-01-15T11:25:11
consumer_000256,acct_000313,2025-03-13T14:14:30
consumer_000257,acct_000314,2025-04-06T18:53:59
consumer_000257,acct_000315,2025-07-27T10:47:20
consumer_000257,acct_000316,2025-10-08T22:16:08
consumer_000258,acct_000317,2025-12-28T06:33:08
consumer_000259,acct_000318,2025-10-18T13:28:58
consumer_000260,acct_000319,2025-08-18T22:56:33
consumer_000261,acct_000320,2025-12-22T03:58:55
consumer_000262,acct_000321,2025-04-24T00:31:16
consumer_000263,acct_000322,2025-10-31T10:30:28
consumer_000264,acct_000323,2025-09-20T02:31:34
consumer_000264,acct_000324,2025-01-22T18:07:52
consumer_000264,acct_000325,2025-05-07T19:24:16
consumer_000265,acct_000326,2025-06-19T15:26:49
consumer_000266,acct_000327,2025-08-19T17:48:48
consumer_000266,acct_000328,2025-10-12T01:12:03
consumer_000266,acct_000329,2025-04-23T09:49:19
consumer_000267,acct_000330,2025-09-21T17:09:01
consumer_000268,acct_000331,2025-11-19T22:40:39
consumer_000269,acct_000332,2025-06-28T01:30:27
consumer_000270,acct_000333,2025-05-28T12:08:20
consumer_000271,acct_000334,2025-10-23T22:55:54
consumer_000272,acct_000335,2025-02-10T16:22:09
consumer_000272,acct_000336,2025-08-26T15:30:39
consumer_000273,acct_000337,2025-03-07T13:02:31
consumer_000274,acct_000338,2025-06-29T22:35:26
consumer_000275,acct_000339,2025-12-31T17:09:30
consumer_000276,acct_000340,2025-10-14T17:57:15
consumer_000277,acct_000341,2025-12-11T03:33:41
consumer_000278,acct_000342,2025-07-23T16:37:11
consumer_000278,acct_000343,2025-02-16T12:36:26
consumer_000279,acct_000344,2025-03-01T13:41:21
consumer_000280,acct_000345,2025-10-16T14:31:25
consumer_000281,acct_000346,2025-09-20T17:44:24
consumer_000282,acct_000347,2025-12-17T02:25:12
consumer_000283,acct_000348,2025-01-18T01:19:49
consumer_000284,acct_000349,2025-06-29T04:43:07
consumer_000285,acct_000350,2025-08-24T04:36:36
consumer_000286,acct_000351,2025-09-03T10:31:21
consumer_000287,acct_000352,2025-06-05T15:51:50
consumer_000288,acct_000353,2025-03-02T02:19:30
consumer_000289,acct_000354,2025-04-19T16:31:09
consumer_000290,acct_000355,2025-07-30T02:07:51
consumer_000291,acct_000356,2025-01-14T23:20:44
consumer_000292,acct_000357,2025-12-08T11:38:01
consumer_000293,acct_000358,2025-08-12T02:04:28
consumer_000293,acct_000359,2025-11-06T17:53:40
consumer_000294,acct_000360,2025-08-27T08:06:07
consumer_000295,acct_000361,2025-05-18T03:49:15
consumer_000296,acct_000362,2025-03-03T11:12:29
consumer_000297,acct_000363,2025-03-04T02:20:26
consumer_000298,acct_000364,2025-04-12T19:42:49
consumer_000299,acct_000365,2025-09-13T03:52:43
consumer_000300,acct_000366,2025-02-21T14:04:36
consumer_000301,acct_000367,2025-10-20T23:14:36
consumer_000302,acct_000368,2025-06-26T12:42:03
consumer_000303,acct_000369,2025-05-08T06:36:02
consumer_000304,acct_000370,2025-06-15T17:03:45
consumer_000305,acct_000371,2025-02-14T23:43:24
consumer_000306,acct_000372,2025-12-04T21:41:58
consumer_000306,acct_000373,2025-06-24T17:07:03
consumer_000307,acct_000374,2025-10-06T07:28:11
consumer_000308,acct_000375,2025-04-06T07:44:36
consumer_000309,acct_000376,2025-12-15T17:33:53
consumer_000310,acct_000377,2025-06-23T10:43:44
consumer_000311,acct_000378,2025-02-28T17:32:42
consumer_000312,acct_000379,2025-01-22T02:44:18
consumer_000312,acct_000380,2025-01-31T15:07:31
consumer_000313,acct_000381,2025-07-04T19:46:30
consumer_000314,acct_000382,2025-11-27T12:42:59
consumer_000315,acct_000383,2025-10-10T07:17:10
consumer_000316,acct_000384,2025-09-27T06:10:21
consumer_000317,acct_000385,2025-11-19T11:08:06
consumer_000318,acct_000386,2025-01-09T19:59:44
consumer_000319,acct_000387,2025-01-25T17:11:07
consumer_000320,acct_000388,2025-02-13T15:04:48
consumer_000321,acct_000389,2025-06-23T06:57:36
consumer_000322,acct_000390,2025-05-05T17:36:25
consumer_000323,acct_000391,2025-09-05T19:09:50
consumer_000324,acct_000392,2025-05-09T04:50:41
consumer_000325,acct_000393,2025-05-10T07:15:37
consumer_000326,acct_000394,2025-09-27T08:13:58
consumer_000327,acct_000395,2025-06-02T00:37:33
consumer_000328,acct_000396,2025-06-26T13:51:11
consumer_000329,acct_000397,2025-06-28T12:00:19
consumer_000330,acct_000398,2025-12-05T20:16:32
consumer_000331,acct_000399,2025-04-25T06:56:36
consumer_000332,acct_000400,2025-07-06T09:08:55
consumer_000333,acct_000401,2025-04-07T05:37:30
consumer_000334,acct_000402,2025-05-24T01:29:10
consumer_000334,acct_000403,2025-02-13T10:48:30
consumer_000334,acct_000404,2025-01-17T18:03:16
consumer_000335,acct_000405,2025-12-12T14:38:06
consumer_000336,acct_000406,2025-06-12T13:56:45
consumer_000337,acct_000407,2025-06-26T01:02:04
consumer_000338,acct_000408,2025-10-05T20:41:21
consumer_000339,acct_000409,2025-04-28T22:21:52
consumer_000340,acct_000410,2025-12-03T12:21:38
consumer_000341,acct_000411,2025-04-26T09:07:42
consumer_000341,acct_000412,2025-04-12T03:18:26
consumer_000341,acct_000413,2025-09-26T14:40:10
consumer_000342,acct_000414,2025-08-23T21:37:40
consumer_000342,acct_000415,2025-11-03T14:45:25
consumer_000342,acct_000416,2025-08-24T03:36:17
consumer_000343,acct_000417,2025-11-03T21:07:08
consumer_000344,acct_000418,2025-07-17T07:45:40
consumer_000345,acct_000419,2025-08-07T21:38:10
consumer_000346,acct_000420,2025-01-17T11:43:20
consumer_000347,acct_000421,2025-11-02T01:17:49
consumer_000348,acct_000422,2025-10-03T10:46:12
consumer_000348,acct_000423,2025-07-10T16:01:57
consumer_000348,acct_000424,2025-02-18T08:05:53
consumer_000349,acct_000425,2025-09-30T05:43:15
consumer_000350,acct_000426,2025-06-04T18:53:06
consumer_000351,acct_000427,2025-07-09T14:21:41
consumer_000352,acct_000428,2025-09-01T20:18:53
consumer_000353,acct_000429,2025-07-10T22:38:28
consumer_000354,acct_000430,2025-07-21T16:50:35
consumer_000355,acct_000431,2025-12-15T01:07:45
consumer_000356,acct_000432,2025-11-24T13:14:40
consumer_000357,acct_000433,2025-10-14T19:46:42
consumer_000358,acct_000434,2025-10-04T09:16:31
consumer_000359,acct_000435,2025-07-20T02:25:58
consumer_000360,acct_000436,2025-01-21T07:35:51
consumer_000360,acct_000437,2025-04-02T06:45:06
consumer_000361,acct_000438,2025-01-08T01:08:48
consumer_000362,acct_000439,2025-11-11T14:37:36
consumer_000363,acct_000440,2025-03-06T08:26:38
consumer_000364,acct_000441,2025-04-22T05:07:50
consumer_000365,acct_000442,2025-10-19T18:10:26
consumer_000366,acct_000443,2025-08-12T13:02:18
consumer_000367,acct_000444,2025-11-26T14:51:50
consumer_000368,acct_000445,2025-02-22T15:24:17
consumer_000369,acct_000446,2025-03-27T02:15:50
consumer_000370,acct_000447,2025-09-19T22:53:32
consumer_000371,acct_000448,2025-09-20T16:21:34
consumer_000371,acct_000449,2025-10-11T16:09:54
consumer_000372,acct_000450,2025-01-01T18:03:20
consumer_000372,acct_000451,2025-12-24T05:35:41
consumer_000372,acct_000452,2025-01-04T18:28:41
consumer_000373,acct_000453,2025-08-06T12:07:54
consumer_000374,acct_000454,2025-03-25T06:23:06
consumer_000374,acct_000455,2025-03-29T03:08:53
consumer_000374,acct_000456,2025-04-28T12:50:44
consumer_000375,acct_000457,2025-02-16T20:37:20
consumer_000376,acct_000458,2025-12-15T20:48:14
consumer_000376,acct_000459,2025-07-27T04:01:52
consumer_000376,acct_000460,2025-07-06T08:12:35
consumer_000377,acct_000461,2025-11-09T18:38:43
consumer_000378,acct_000462,2025-02-16T18:17:03
consumer_000379,acct_000463,2025-10-30T16:30:57
consumer_000380,acct_000464,2025-05-05T07:58:33
consumer_000380,acct_000465,2025-10-02T12:23:38
consumer_000380,acct_000466,2025-05-02T13:11:32
consumer_000381,acct_000467,2025-11-03T19:24:29
consumer_000382,acct_000468,2025-09-23T21:12:24
consumer_000383,acct_000469,2025-01-08T02:07:22
consumer_000384,acct_000470,2025-11-11T03:55:16
consumer_000385,acct_000471,2025-03-18T02:36:01
consumer_000386,acct_000472,2025-08-28T15:07:04
consumer_000387,acct_000473,2025-08-31T21:00:38
consumer_000388,acct_000474,2025-03-17T09:19:27
consumer_000389,acct_000475,2025-01-22T06:31:12
consumer_000390,acct_000476,2025-10-29T20:56:07
consumer_000391,acct_000477,2025-11-23T06:53:20
consumer_000392,acct_000478,2025-03-31T05:58:31
consumer_000393,acct_000479,2025-07-17T21:22:25
consumer_000394,acct_000480,2025-11-29T10:55:40
consumer_000395,acct_000481,2025-12-30T11:54:27
consumer_000396,acct_000482,2025-01-04T19:01:41
consumer_000397,acct_000483,2025-03-15T22:24:50
consumer_000398,acct_000484,2025-10-19T20:30:31
consumer_000399,acct_000485,2025-05-24T08:58:50
consumer_000400,acct_000486,2025-04-15T15:40:08
consumer_000401,acct_000487,2025-03-21T22:10:04
consumer_000402,acct_000488,2025-02-10T22:41:13
consumer_000403,acct_000489,2025-11-18T03:08:46
consumer_000404,acct_000490,2025-12-24T21:50:12
consumer_000405,acct_000491,2025-04-07T19:31:33
consumer_000406,acct_000492,2025-06-21T06:37:39
consumer_000407,acct_000493,2025-10-13T16:49:06
consumer_000408,acct_000494,2025-03-27T10:58:44
consumer_000409,acct_000495,2025-02-12T11:03:03
consumer_000410,acct_000496,2025-02-28T15:29:36
consumer_000410,acct_000497,2025-12-28T20:02:06
consumer_000410,acct_000498,2025-10-04T04:56:08
consumer_000411,acct_000499,2025-08-10T19:56:33
consumer_000412,acct_000500,2025-05-24T08:42:32
consumer_000413,acct_000501,2025-11-06T03:13:17
consumer_000413,acct_000502,2025-09-27T15:50:03
consumer_000414,acct_000503,2025-01-12T04:47:35
consumer_000415,acct_000504,2025-11-05T15:36:10
consumer_000415,acct_000505,2025-10-28T22:46:37
consumer_000416,acct_000506,2025-04-16T01:50:50
consumer_000417,acct_000507,2025-08-02T22:06:44
consumer_000418,acct_000508,2025-12-16T05:58:52
consumer_000419,acct_000509,2025-07-19T22:50:33
consumer_000420,acct_000510,2025-09-01T11:34:45
consumer_000421,acct_000511,2025-11-30T06:36:02
consumer_000421,acct_000512,2025-12-19T20:27:01
consumer_000421,acct_000513,2025-10-12T12:44:11
consumer_000422,acct_000514,2025-07-31T20:02:59
consumer_000423,acct_000515,2025-02-12T01:41:08
consumer_000424,acct_000516,2025-10-27T11:41:11
consumer_000425,acct_000517,2025-08-28T09:40:04
consumer_000426,acct_000518,2025-07-30T03:33:53
consumer_000427,acct_000519,2025-07-13T15:39:36
consumer_000428,acct_000520,2025-09-30T12:57:23
consumer_000429,acct_000521,2025-05-22T17:51:38
consumer_000429,acct_000522,2025-08-08T11:35:41
consumer_000430,acct_000523,2025-11-26T05:40:31
consumer_000431,acct_000524,2025-08-08T20:22:08
consumer_000431,acct_000525,2025-06-29T14:29:37
consumer_000431,acct_000526,2025-03-30T15:40:30
consumer_000432,acct_000527,2025-02-23T15:26:13
consumer_000433,acct_000528,2025-09-27T14:25:40
consumer_000434,acct_000529,2025-03-10T21:37:23
consumer_000435,acct_000530,2025-09-07T09:12:51
consumer_000436,acct_000531,2025-08-15T12:48:43
consumer_000437,acct_000532,2025-02-21T17:16:08
consumer_000438,acct_000533,2025-12-06T17:20:15
consumer_000439,acct_000534,2025-11-20T17:16:46
consumer_000439,acct_000535,2025-07-06T19:01:28
consumer_000440,acct_000536,2025-07-23T23:03:34
consumer_000441,acct_000537,2025-01-16T03:27:02
consumer_000442,acct_000538,2025-08-30T12:51:47
consumer_000443,acct_000539,2025-08-18T07:16:05
consumer_000444,acct_000540,2025-02-25T15:11:19
consumer_000445,acct_000541,2025-12-19T07:42:12
consumer_000446,acct_000542,2025-07-22T16:49:40
consumer_000447,acct_000543,2025-04-02T09:01:28
consumer_000448,acct_000544,2025-12-09T17:56:04
consumer_000449,acct_000545,2025-11-08T05:11:33
consumer_000450,acct_000546,2025-09-30T01:37:54
consumer_000451,acct_000547,2025-09-15T09:53:07
consumer_000452,acct_000548,2025-08-12T07:48:29
consumer_000452,acct_000549,2025-11-24T17:39:15
consumer_000452,acct_000550,2025-07-29T12:31:27
consumer_000453,acct_000551,2025-06-03T19:58:02
consumer_000454,acct_000552,2025-03-23T19:32:03
consumer_000455,acct_000553,2025-12-06T12:21:17
consumer_000456,acct_000554,2025-08-13T10:55:02
consumer_000456,acct_000555,2025-02-06T13:28:33
consumer_000456,acct_000556,2025-09-02T07:23:53
consumer_000457,acct_000557,2025-01-16T03:26:46
consumer_000458,acct_000558,2025-06-12T22:29:07
consumer_000458,acct_000559,2025-03-11T07:55:12
consumer_000458,acct_000560,2025-01-13T03:04:11
consumer_000459,acct_000561,2025-04-18T08:32:58
consumer_000460,acct_000562,2025-06-16T13:20:41
consumer_000461,acct_000563,2025-11-19T12:40:25
consumer_000462,acct_000564,2025-06-28T15:21:28
consumer_000463,acct_000565,2025-08-07T04:18:00
consumer_000464,acct_000566,2025-06-11T01:40:37
consumer_000464,acct_000567,2025-12-20T15:50:32
consumer_000464,acct_000568,2025-03-18T07:42:42
consumer_000465,acct_000569,2025-12-19T13:17:18
consumer_000465,acct_000570,2025-01-16T15:43:16
consumer_000466,acct_000571,2025-10-26T09:49:03
consumer_000467,acct_000572,2025-03-28T10:35:29
consumer_000468,acct_000573,2025-07-30T19:39:49
consumer_000469,acct_000574,2025-01-25T16:38:34
consumer_000470,acct_000575,2025-11-27T17:30:16
consumer_000471,acct_000576,2025-05-31T11:49:18
consumer_000472,acct_000577,2025-08-13T18:48:30
consumer_000473,acct_000578,2025-01-27T04:13:32
consumer_000474,acct_000579,2025-12-21T16:40:21
consumer_000475,acct_000580,2025-08-10T22:04:51
consumer_000476,acct_000581,2025-10-21T01:00:33
consumer_000477,acct_000582,2025-04-10T23:28:37
consumer_000477,acct_000583,2025-07-31T18:48:43
consumer_000478,acct_000584,2025-06-02T14:21:33
consumer_000479,acct_000585,2025-07-06T06:54:15
consumer_000480,acct_000586,2025-01-16T04:07:27
consumer_000481,acct_000587,2025-07-01T15:12:54
consumer_000482,acct_000588,2025-09-10T01:25:24
consumer_000483,acct_000589,2025-05-28T12:11:59
consumer_000484,acct_000590,2025-09-29T06:39:48
consumer_000485,acct_000591,2025-08-26T19:18:22
consumer_000486,acct_000592,2025-07-28T20:37:29
consumer_000487,acct_000593,2025-10-19T04:29:03
consumer_000488,acct_000594,2025-06-08T01:06:50
consumer_000489,acct_000595,2025-11-25T20:08:43
consumer_000490,acct_000596,2025-12-06T03:49:38
consumer_000491,acct_000597,2025-11-15T04:08:32
consumer_000492,acct_000598,2025-04-10T13:49:46
consumer_000493,acct_000599,2025-04-16T20:29:47
consumer_000494,acct_000600,2025-11-17T12:59:20
consumer_000495,acct_000601,2025-04-17T10:38:34
consumer_000495,acct_000602,2025-08-16T19:33:12
consumer_000495,acct_000603,2025-01-25T22:55:44
consumer_000496,acct_000604,2025-02-16T14:29:09
consumer_000497,acct_000605,2025-07-31T22:22:06
consumer_000498,acct_000606,2025-05-17T08:07:49
consumer_000499,acct_000607,2025-02-01T18:57:20
consumer_000500,acct_000608,2025-01-17T10:03:40
consumer_000501,acct_000609,2025-02-11T02:02:29
consumer_000502,acct_000610,2025-05-14T05:26:32
consumer_000503,acct_000611,2025-04-13T00:45:29
consumer_000503,acct_000612,2025-09-17T18:36:56
consumer_000504,acct_000613,2025-03-06T15:41:05
consumer_000505,acct_000614,2025-06-21T00:22:22
consumer_000506,acct_000615,2025-10-30T05:21:19
consumer_000507,acct_000616,2025-03-10T01:47:10
consumer_000508,acct_000617,2025-05-06T09:55:10
consumer_000509,acct_000618,2025-05-10T19:20:21
consumer_000510,acct_000619,2025-12-11T19:30:35
consumer_000510,acct_000620,2025-06-28T09:40:17
consumer_000511,acct_000621,2025-03-30T18:17:11
consumer_000512,acct_000622,2025-01-06T17:19:16
consumer_000513,acct_000623,2025-10-14T01:04:44
consumer_000514,acct_000624,2025-02-09T19:09:35
consumer_000515,acct_000625,2025-07-15T18:34:56
consumer_000516,acct_000626,2025-10-18T01:32:59
consumer_000517,acct_000627,2025-01-19T01:04:18
consumer_000518,acct_000628,2025-07-24T01:21:02
consumer_000519,acct_000629,2025-07-11T23:28:43
consumer_000519,acct_000630,2025-02-22T15:37:06
consumer_000519,acct_000631,2025-05-12T01:23:08
consumer_000520,acct_000632,2025-07-15T09:48:12
consumer_000521,acct_000633,2025-04-28T01:28:50
consumer_000522,acct_000634,2025-03-10T02:59:16
consumer_000523,acct_000635,2025-11-28T18:25:38
consumer_000524,acct_000636,2025-03-29T02:11:21
consumer_000525,acct_000637,2025-01-07T09:47:34
consumer_000525,acct_000638,2025-02-20T23:06:23
consumer_000525,acct_000639,2025-03-04T16:00:17
consumer_000526,acct_000640,2025-09-06T19:18:16
consumer_000526,acct_000641,2025-10-12T04:13:00
consumer_000526,acct_000642,2025-07-04T14:59:47
consumer_000527,acct_000643,2025-12-27T04:50:01
consumer_000528,acct_000644,2025-12-26T01:39:23
consumer_000529,acct_000645,2025-11-08T15:19:36
consumer_000530,acct_000646,2025-03-11T18:53:22
consumer_000531,acct_000647,2025-07-08T06:36:55
consumer_000532,acct_000648,2025-09-26T11:20:43
consumer_000533,acct_000649,2025-12-18T23:33:52
consumer_000534,acct_000650,2025-11-19T21:11:33
consumer_000534,acct_000651,2025-05-25T14:23:05
consumer_000535,acct_000652,2025-03-03T10:49:36
consumer_000535,acct_000653,2025-02-14T12:30:44
consumer_000536,acct_000654,2025-09-24T21:35:48
consumer_000537,acct_000655,2025-05-14T12:50:23
consumer_000538,acct_000656,2025-11-24T05:32:04
consumer_000539,acct_000657,2025-03-07T06:10:12
consumer_000540,acct_000658,2025-07-09T04:35:39
consumer_000541,acct_000659,2025-10-30T08:52:23
consumer_000542,acct_000660,2025-10-11T09:13:44
consumer_000542,acct_000661,2025-12-29T08:54:23
consumer_000542,acct_000662,2025-12-12T21:47:05
consumer_000543,acct_000663,2025-09-16T22:53:51
consumer_000543,acct_000664,2025-02-27T03:55:03
consumer_000543,acct_000665,2025-04-04T17:51:16
consumer_000544,acct_000666,2025-01-27T19:30:25
consumer_000545,acct_000667,2025-12-03T01:00:25
consumer_000546,acct_000668,2025-02-16T19:43:35
consumer_000547,acct_000669,2025-09-30T06:22:42
consumer_000548,acct_000670,2025-04-14T11:05:01
consumer_000548,acct_000671,2025-03-28T01:31:13
consumer_000549,acct_000672,2025-04-22T12:45:45
consumer_000550,acct_000673,2025-01-27T07:49:58
consumer_000551,acct_000674,2025-10-10T19:39:38
consumer_000552,acct_000675,2025-05-30T22:42:11
consumer_000553,acct_000676,2025-05-30T00:24:47
consumer_000554,acct_000677,2025-12-02T09:47:37
consumer_000555,acct_000678,2025-04-01T19:42:53
consumer_000556,acct_000679,2025-07-30T13:06:31
consumer_000557,acct_000680,2025-03-03T15:03:57
consumer_000558,acct_000681,2025-06-12T07:33:30
consumer_000559,acct_000682,2025-06-29T10:16:12
consumer_000560,acct_000683,2025-06-20T12:57:26
consumer_000561,acct_000684,2025-10-22T00:36:59
consumer_000561,acct_000685,2025-05-22T21:42:27
consumer_000562,acct_000686,2025-11-05T14:26:11
consumer_000563,acct_000687,2025-08-15T07:29:18
consumer_000563,acct_000688,2025-06-20T13:22:24
consumer_000564,acct_000689,2025-02-21T04:57:08
consumer_000565,acct_000690,2025-06-30T15:16:06
consumer_000566,acct_000691,2025-06-21T04:05:23
consumer_000567,acct_000692,2025-07-01T00:54:46
consumer_000567,acct_000693,2025-02-12T13:32:28
consumer_000568,acct_000694,2025-09-11T18:57:11
consumer_000569,acct_000695,2025-08-11T01:51:33
consumer_000570,acct_000696,2025-07-17T15:33:27
consumer_000571,acct_000697,2025-09-30T00:16:58
consumer_000572,acct_000698,2025-04-17T20:12:59
consumer_000573,acct_000699,2025-06-08T05:10:11
consumer_000574,acct_000700,2025-01-11T07:37:02
consumer_000575,acct_000701,2025-05-17T21:53:38
consumer_000576,acct_000702,2025-03-15T06:44:01
consumer_000577,acct_000703,2025-09-30T19:21:30
consumer_000577,acct_000704,2025-12-26T04:15:14
consumer_000577,acct_000705,2025-04-27T23:26:14
consumer_000578,acct_000706,2025-06-03T01:01:05
consumer_000579,acct_000707,2025-12-23T17:24:55
consumer_000580,acct_000708,2025-10-11T19:15:36
consumer_000580,acct_000709,2025-05-09T16:30:53
consumer_000580,acct_000710,2025-09-05T22:28:34
consumer_000581,acct_000711,2025-12-19T00:19:45
consumer_000582,acct_000712,2025-06-21T00:31:28
consumer_000583,acct_000713,2025-04-22T05:47:43
consumer_000584,acct_000714,2025-12-15T04:52:34
consumer_000585,acct_000715,2025-10-22T23:33:39
consumer_000585,acct_000716,2025-10-19T23:35:13
consumer_000586,acct_000717,2025-01-24T15:49:58
consumer_000586,acct_000718,2025-08-27T08:36:33
consumer_000586,acct_000719,2025-05-28T23:02:26
consumer_000587,acct_000720,2025-11-04T17:38:34
consumer_000588,acct_000721,2025-07-29T00:44:22
consumer_000589,acct_000722,2025-04-01T04:53:11
consumer_000590,acct_000723,2025-04-11T19:18:25
consumer_000591,acct_000724,2025-09-26T05:29:07
consumer_000592,acct_000725,2025-09-09T04:00:12
consumer_000593,acct_000726,2025-07-27T08:57:53
consumer_000593,acct_000727,2025-06-19T13:53:33
consumer_000593,acct_000728,2025-10-31T10:10:47
consumer_000594,acct_000729,2025-09-01T00:01:54
consumer_000595,acct_000730,2025-08-20T06:06:46
consumer_000596,acct_000731,2025-07-15T17:18:16
consumer_000597,acct_000732,2025-07-10T04:44:02
consumer_000598,acct_000733,2025-02-06T10:44:02
consumer_000599,acct_000734,2025-06-15T20:51:21
consumer_000600,acct_000735,2025-09-27T22:11:51
consumer_000600,acct_000736,2025-04-23T17:40:48
consumer_000600,acct_000737,2025-10-21T20:23:32
consumer_000601,acct_000738,2025-06-05T13:23:51
consumer_000602,acct_000739,2025-11-03T06:37:17
consumer_000603,acct_000740,2025-03-03T11:20:55
consumer_000604,acct_000741,2025-08-27T13:12:36
consumer_000605,acct_000742,2025-02-18T20:47:42
consumer_000606,acct_000743,2025-08-08T09:21:53
consumer_000607,acct_000744,2025-02-06T06:10:57
consumer_000608,acct_000745,2025-10-24T10:18:23
consumer_000609,acct_000746,2025-07-13T05:04:21
consumer_000610,acct_000747,2025-07-06T12:36:15
consumer_000611,acct_000748,2025-10-20T00:01:41
consumer_000611,acct_000749,2025-03-16T23:12:30
consumer_000612,acct_000750,2025-06-01T07:14:00
consumer_000613,acct_000751,2025-10-26T11:10:56
consumer_000614,acct_000752,2025-01-08T13:12:55
consumer_000615,acct_000753,2025-05-07T11:09:43
consumer_000616,acct_000754,2025-04-04T18:19:12
consumer_000617,acct_000755,2025-10-21T15:40:09
consumer_000618,acct_000756,2025-11-18T03:56:48
consumer_000619,acct_000757,2025-08-20T20:45:31
consumer_000620,acct_000758,2025-01-01T18:51:21
consumer_000621,acct_000759,2025-12-21T23:48:58
consumer_000622,acct_000760,2025-12-24T03:52:41
consumer_000622,acct_000761,2025-07-31T03:51:00
consumer_000622,acct_000762,2025-12-20T09:23:04
consumer_000623,acct_000763,2025-01-25T23:58:14
consumer_000623,acct_000764,2025-02-03T03:54:11
consumer_000623,acct_000765,2025-10-31T17:39:58
consumer_000624,acct_000766,2025-01-05T23:45:18
consumer_000625,acct_000767,2025-01-10T01:30:23
consumer_000625,acct_000768,2025-01-13T09:52:35
consumer_000626,acct_000769,2025-07-07T05:48:47
consumer_000627,acct_000770,2025-11-26T23:15:36
consumer_000628,acct_000771,2025-09-30T23:36:14
consumer_000629,acct_000772,2025-07-02T21:00:15
consumer_000630,acct_000773,2025-07-29T21:09:08
consumer_000631,acct_000774,2025-04-02T19:55:37
consumer_000632,acct_000775,2025-12-07T16:43:20
consumer_000633,acct_000776,2025-02-15T09:42:27
consumer_000633,acct_000777,2025-11-21T18:55:14
consumer_000634,acct_000778,2025-07-21T07:58:30
consumer_000635,acct_000779,2025-11-20T00:38:54
consumer_000636,acct_000780,2025-03-02T18:28:53
consumer_000637,acct_000781,2025-10-12T10:54:36
consumer_000638,acct_000782,2025-06-08T16:37:24
consumer_000639,acct_000783,2025-03-20T23:27:29
consumer_000639,acct_000784,2025-07-05T02:13:34
consumer_000640,acct_000785,2025-09-06T07:20:58
consumer_000641,acct_000786,2025-04-08T03:29:54
consumer_000642,acct_000787,2025-01-28T10:57:14
consumer_000643,acct_000788,2025-08-16T21:42:01
consumer_000644,acct_000789,2025-07-29T17:06:38
consumer_000645,acct_000790,2025-07-08T05:26:08
consumer_000646,acct_000791,2025-09-21T15:27:42
consumer_000647,acct_000792,2025-10-17T08:55:08
consumer_000648,acct_000793,2025-01-19T12:16:34
consumer_000648,acct_000794,2025-03-22T16:37:00
consumer_000648,acct_000795,2025-12-21T00:17:53
consumer_000649,acct_000796,2025-03-13T05:37:18
consumer_000649,acct_000797,2025-03-14T05:21:53
consumer_000649,acct_000798,2025-05-04T09:20:00
consumer_000650,acct_000799,2025-01-22T23:05:09
consumer_000651,acct_000800,2025-10-12T17:16:05
consumer_000652,acct_000801,2025-07-20T02:04:40
consumer_000653,acct_000802,2025-02-04T08:28:36
consumer_000654,acct_000803,2025-08-31T12:41:39
consumer_000654,acct_000804,2025-03-19T05:33:54
consumer_000654,acct_000805,2025-03-31T15:59:07
consumer_000655,acct_000806,2025-08-31T17:16:58
consumer_000655,acct_000807,2025-09-19T18:38:41
consumer_000655,acct_000808,2025-02-28T06:55:35
consumer_000656,acct_000809,2025-03-04T11:39:57
consumer_000657,acct_000810,2025-07-04T08:54:05
consumer_000658,acct_000811,2025-12-06T11:48:22
consumer_000659,acct_000812,2025-04-11T06:33:08
consumer_000660,acct_000813,2025-09-09T20:06:45
consumer_000661,acct_000814,2025-04-24T01:14:11
consumer_000662,acct_000815,2025-12-06T06:55:43
consumer_000663,acct_000816,2025-05-24T08:45:08
consumer_000664,acct_000817,2025-04-13T22:49:17
consumer_000665,acct_000818,2025-09-14T05:53:12
consumer_000666,acct_000819,2025-09-27T08:35:30
consumer_000667,acct_000820,2025-05-16T22:22:47
consumer_000668,acct_000821,2025-10-10T03:12:09
consumer_000669,acct_000822,2025-04-21T03:16:37
consumer_000670,acct_000823,2025-10-26T13:01:31
consumer_000671,acct_000824,2025-04-20T23:35:35
consumer_000672,acct_000825,2025-12-21T06:09:18
consumer_000673,acct_000826,2025-07-07T06:33:28
consumer_000674,acct_000827,2025-03-04T06:08:18
consumer_000674,acct_000828,2025-06-22T07:28:29
consumer_000674,acct_000829,2025-07-21T10:34:55
consumer_000675,acct_000830,2025-12-21T19:47:54
consumer_000675,acct_000831,2025-07-11T23:06:10
consumer_000676,acct_000832,2025-10-03T08:26:21
consumer_000677,acct_000833,2025-08-21T21:38:50
consumer_000678,acct_000834,2025-11-21T19:54:49
consumer_000678,acct_000835,2025-03-09T20:16:03
consumer_000678,acct_000836,2025-04-23T16:32:43
consumer_000679,acct_000837,2025-04-20T18:51:53
consumer_000680,acct_000838,2025-11-06T13:09:20
consumer_000680,acct_000839,2025-06-20T02:14:15
consumer_000681,acct_000840,2025-11-14T01:50:22
consumer_000682,acct_000841,2025-09-20T20:03:50
consumer_000683,acct_000842,2025-10-11T01:49:58
consumer_000684,acct_000843,2025-09-24T10:22:35
consumer_000685,acct_000844,2025-06-28T12:49:59
consumer_000686,acct_000845,2025-12-25T03:25:06
consumer_000686,acct_000846,2025-11-13T18:01:19
consumer_000686,acct_000847,2025-01-30T10:43:28
consumer_000687,acct_000848,2025-06-26T22:31:50
consumer_000688,acct_000849,2025-05-02T02:17:22
consumer_000689,acct_000850,2025-01-10T05:10:12
consumer_000690,acct_000851,2025-06-08T11:10:51
consumer_000691,acct_000852,2025-12-26T09:25:43
consumer_000692,acct_000853,2025-06-02T05:06:32
consumer_000693,acct_000854,2025-08-05T17:26:43
consumer_000693,acct_000855,2025-05-31T11:37:42
consumer_000693,acct_000856,2025-06-24T12:17:58
consumer_000694,acct_000857,2025-08-09T18:20:55
consumer_000694,acct_000858,2025-10-27T07:31:54
consumer_000695,acct_000859,2025-08-13T10:01:10
consumer_000696,acct_000860,2025-10-17T14:23:12
consumer_000697,acct_000861,2025-04-12T07:17:23
consumer_000698,acct_000862,2025-02-18T19:18:24
consumer_000699,acct_000863,2025-12-03T19:51:33
consumer_000700,acct_000864,2025-01-03T05:30:46
consumer_000701,acct_000865,2025-09-22T11:42:36
consumer_000701,acct_000866,2025-10-27T18:03:26
consumer_000702,acct_000867,2025-05-26T23:49:53
consumer_000703,acct_000868,2025-02-16T20:08:35
consumer_000704,acct_000869,2025-03-26T22:25:40
consumer_000704,acct_000870,2025-07-03T10:56:31
consumer_000705,acct_000871,2025-06-16T15:14:10
consumer_000706,acct_000872,2025-08-25T14:52:17
consumer_000707,acct_000873,2025-07-26T13:26:42
consumer_000708,acct_000874,2025-12-04T07:40:37
consumer_000709,acct_000875,2025-03-06T04:42:42
consumer_000710,acct_000876,2025-03-16T04:54:59
consumer_000711,acct_000877,2025-06-25T18:56:48
consumer_000712,acct_000878,2025-05-26T23:02:28
consumer_000713,acct_000879,2025-02-03T03:59:54
consumer_000714,acct_000880,2025-11-16T07:22:25
consumer_000715,acct_000881,2025-08-06T19:01:48
consumer_000716,acct_000882,2025-02-20T20:11:30
consumer_000717,acct_000883,2025-05-04T04:02:38
consumer_000718,acct_000884,2025-10-07T19:53:07
consumer_000719,acct_000885,2025-08-23T23:40:55
consumer_000720,acct_000886,2025-11-29T17:52:01
consumer_000721,acct_000887,2025-12-15T15:39:42
consumer_000722,acct_000888,2025-11-23T02:02:04
consumer_000723,acct_000889,2025-03-21T08:15:24
consumer_000723,acct_000890,2025-12-21T04:13:13
consumer_000723,acct_000891,2025-01-12T13:02:37
consumer_000724,acct_000892,2025-07-31T12:05:21
consumer_000724,acct_000893,2025-07-11T04:56:58
consumer_000725,acct_000894,2025-07-21T02:09:02
consumer_000726,acct_000895,2025-11-30T19:36:26
consumer_000726,acct_000896,2025-10-27T14:19:00
consumer_000726,acct_000897,2025-07-11T18:04:23
consumer_000727,acct_000898,2025-08-07T22:16:33
consumer_000728,acct_000899,2025-01-12T07:03:33
consumer_000729,acct_000900,2025-08-22T01:24:47
consumer_000730,acct_000901,2025-01-28T04:19:28
consumer_000731,acct_000902,2025-03-10T15:46:46
consumer_000732,acct_000903,2025-07-14T07:09:32
consumer_000733,acct_000904,2025-01-30T18:54:58
consumer_000734,acct_000905,2025-03-10T10:06:30
consumer_000735,acct_000906,2025-02-02T00:34:00
consumer_000736,acct_000907,2025-03-04T15:56:40
consumer_000737,acct_000908,2025-12-15T20:35:38
consumer_000737,acct_000909,2025-06-07T14:44:22
consumer_000737,acct_000910,2025-03-26T09:00:02
consumer_000738,acct_000911,2025-05-03T17:58:01
consumer_000739,acct_000912,2025-11-06T22:06:06
consumer_000740,acct_000913,2025-12-22T03:14:24
consumer_000741,acct_000914,2025-10-05T13:10:33
consumer_000742,acct_000915,2025-11-02T22:50:35
consumer_000742,acct_000916,2025-08-04T16:30:25
consumer_000743,acct_000917,2025-02-13T08:39:56
consumer_000743,acct_000918,2025-05-22T21:13:05
consumer_000743,acct_000919,2025-06-18T16:13:19
consumer_000744,acct_000920,2025-07-05T17:40:12
consumer_000745,acct_000921,2025-01-30T02:42:50
consumer_000745,acct_000922,2025-01-14T01:11:52
consumer_000746,acct_000923,2025-03-09T04:19:42
consumer_000747,acct_000924,2025-12-17T20:50:48
consumer_000748,acct_000925,2025-05-31T23:37:55
consumer_000749,acct_000926,2025-03-08T13:12:22
consumer_000750,acct_000927,2025-03-08T04:53:35
consumer_000751,acct_000928,2025-10-03T11:55:18
consumer_000752,acct_000929,2025-05-07T01:47:30
consumer_000753,acct_000930,2025-10-21T13:53:39
consumer_000754,acct_000931,2025-11-22T05:21:43
consumer_000755,acct_000932,2025-10-13T21:03:58
consumer_000755,acct_000933,2025-02-09T16:15:40
consumer_000756,acct_000934,2025-08-25T01:26:19
consumer_000757,acct_000935,2025-03-19T14:03:46
consumer_000758,acct_000936,2025-03-16T13:31:24
consumer_000759,acct_000937,2025-05-04T01:55:08
consumer_000760,acct_000938,2025-06-12T20:04:33
consumer_000761,acct_000939,2025-02-20T16:39:15
consumer_000762,acct_000940,2025-11-06T12:28:18
consumer_000763,acct_000941,2025-10-28T02:42:19
consumer_000764,acct_000942,2025-07-17T02:06:07
consumer_000765,acct_000943,2025-12-03T00:33:45
consumer_000766,acct_000944,2025-04-22T21:35:30
consumer_000766,acct_000945,2025-04-23T20:40:15
consumer_000766,acct_000946,2025-03-31T06:03:50
consumer_000767,acct_000947,2025-07-09T05:44:06
consumer_000768,acct_000948,2025-09-19T03:40:38
consumer_000769,acct_000949,2025-03-13T04:21:54
consumer_000770,acct_000950,2025-11-06T17:39:12
consumer_000771,acct_000951,2025-07-30T03:30:52
consumer_000772,acct_000952,2025-03-13T07:15:07
consumer_000773,acct_000953,2025-12-10T01:27:56
consumer_000774,acct_000954,2025-12-21T12:05:43
consumer_000775,acct_000955,2025-07-14T04:46:04
consumer_000775,acct_000956,2025-04-09T16:46:08
consumer_000776,acct_000957,2025-01-11T21:33:38
consumer_000777,acct_000958,2025-10-09T03:29:44
consumer_000778,acct_000959,2025-12-14T10:10:54
consumer_000779,acct_000960,2025-02-08T13:38:35
consumer_000780,acct_000961,2025-12-03T16:44:16
consumer_000781,acct_000962,2025-03-07T03:48:27
consumer_000782,acct_000963,2025-05-18T19:18:33
consumer_000783,acct_000964,2025-12-10T23:46:19
consumer_000784,acct_000965,2025-09-28T17:53:47
consumer_000785,acct_000966,2025-02-21T12:20:46
consumer_000786,acct_000967,2025-01-23T16:02:58
consumer_000787,acct_000968,2025-01-17T17:59:39
consumer_000788,acct_000969,2025-04-14T01:29:18
consumer_000789,acct_000970,2025-04-06T08:52:11
consumer_000790,acct_000971,2025-03-14T07:30:50
consumer_000791,acct_000972,2025-01-19T02:02:39
consumer_000792,acct_000973,2025-08-07T10:59:51
consumer_000793,acct_000974,2025-01-28T00:25:16
consumer_000794,acct_000975,2025-07-30T01:07:39
consumer_000795,acct_000976,2025-03-02T20:02:56
consumer_000796,acct_000977,2025-07-14T07:25:43
consumer_000796,acct_000978,2025-10-23T21:36:33
consumer_000796,acct_000979,2025-09-10T07:57:12
consumer_000797,acct_000980,2025-02-15T17:03:42
consumer_000797,acct_000981,2025-03-01T14:33:15
consumer_000798,acct_000982,2025-04-24T06:11:26
consumer_000799,acct_000983,2025-07-06T23:39:03
consumer_000800,acct_000984,2025-12-22T01:33:47
consumer_000801,acct_000985,2025-08-28T22:20:48
consumer_000802,acct_000986,2025-06-04T07:27:42
consumer_000803,acct_000987,2025-09-13T17:50:13
consumer_000804,acct_000988,2025-06-12T16:30:25
consumer_000805,acct_000989,2025-06-17T09:38:04
consumer_000806,acct_000990,2025-12-21T01:36:42
consumer_000806,acct_000991,2025-11-07T03:54:58
consumer_000807,acct_000992,2025-09-14T16:47:56
consumer_000808,acct_000993,2025-07-01T03:59:47
consumer_000808,acct_000994,2025-07-19T06:10:44
consumer_000809,acct_000995,2025-03-22T02:11:24
consumer_000810,acct_000996,2025-01-11T02:23:07
consumer_000811,acct_000997,2025-03-16T20:32:11
consumer_000811,acct_000998,2025-02-07T20:58:38
consumer_000811,acct_000999,2025-07-10T08:56:27
consumer_000812,acct_001000,2025-03-07T19:45:55
consumer_000813,acct_001001,2025-08-20T18:01:01
consumer_000814,acct_001002,2025-10-17T14:47:12
consumer_000814,acct_001003,2025-04-14T11:52:19
consumer_000815,acct_001004,2025-01-20T11:55:37
consumer_000816,acct_001005,2025-08-27T20:30:50
consumer_000817,acct_001006,2025-08-25T16:01:32
consumer_000817,acct_001007,2025-03-25T21:43:52
consumer_000817,acct_001008,2025-12-07T00:44:31
consumer_000818,acct_001009,2025-07-04T16:40:23
consumer_000819,acct_001010,2025-05-17T01:10:23
consumer_000820,acct_001011,2025-02-01T05:06:45
consumer_000821,acct_001012,2025-03-24T18:24:52
consumer_000821,acct_001013,2025-07-09T01:51:22
consumer_000821,acct_001014,2025-06-11T12:11:32
consumer_000822,acct_001015,2025-12-11T07:06:52
consumer_000823,acct_001016,2025-12-12T20:18:30
consumer_000824,acct_001017,2025-09-22T22:44:55
consumer_000825,acct_001018,2025-07-27T18:54:41
consumer_000825,acct_001019,2025-11-08T15:09:20
consumer_000825,acct_001020,2025-04-11T03:31:02
consumer_000826,acct_001021,2025-07-26T00:07:13
consumer_000827,acct_001022,2025-02-13T15:00:52
consumer_000828,acct_001023,2025-04-28T16:51:23
consumer_000828,acct_001024,2025-10-14T03:15:38
consumer_000828,acct_001025,2025-09-11T14:27:42
consumer_000829,acct_001026,2025-02-09T11:59:49
consumer_000830,acct_001027,2025-10-04T21:31:28
consumer_000831,acct_001028,2025-08-20T06:05:57
consumer_000832,acct_001029,2025-10-13T22:37:57
consumer_000832,acct_001030,2025-05-28T21:15:51
consumer_000833,acct_001031,2025-07-12T02:37:46
consumer_000834,acct_001032,2025-08-07T18:54:31
consumer_000835,acct_001033,2025-08-27T17:25:51
consumer_000836,acct_001034,2025-11-30T06:24:59
consumer_000837,acct_001035,2025-02-08T16:58:24
consumer_000838,acct_001036,2025-08-05T04:00:40
consumer_000839,acct_001037,2025-04-23T20:18:06
consumer_000840,acct_001038,2025-11-12T19:07:52
consumer_000841,acct_001039,2025-05-07T17:42:19
consumer_000841,acct_001040,2025-01-27T12:27:27
consumer_000841,acct_001041,2025-08-31T04:49:35
consumer_000842,acct_001042,2025-03-01T13:27:20
consumer_000843,acct_001043,2025-01-02T02:41:48
consumer_000844,acct_001044,2025-07-17T13:54:32
consumer_000845,acct_001045,2025-10-08T07:03:15
consumer_000846,acct_001046,2025-04-16T13:30:30
consumer_000846,acct_001047,2025-08-30T09:25:36
consumer_000847,acct_001048,2025-10-19T00:05:29
consumer_000848,acct_001049,2025-06-15T15:41:35
consumer_000849,acct_001050,2025-05-17T00:47:48
consumer_000850,acct_001051,2025-04-07T23:43:44
consumer_000850,acct_001052,2025-11-03T13:17:29
consumer_000851,acct_001053,2025-07-19T04:00:36
consumer_000852,acct_001054,2025-05-11T11:32:15
consumer_000853,acct_001055,2025-02-05T09:54:58
consumer_000854,acct_001056,2025-12-19T02:09:52
consumer_000855,acct_001057,2025-08-10T08:35:20
consumer_000856,acct_001058,2025-04-12T21:29:35
consumer_000857,acct_001059,2025-01-16T05:26:32
consumer_000858,acct_001060,2025-05-25T22:34:09
consumer_000859,acct_001061,2025-12-30T13:20:30
consumer_000860,acct_001062,2025-06-06T13:34:05
consumer_000861,acct_001063,2025-07-29T13:08:28
consumer_000862,acct_001064,2025-04-23T15:16:33
consumer_000863,acct_001065,2025-10-20T17:51:34
consumer_000864,acct_001066,2025-09-23T09:40:48
consumer_000865,acct_001067,2025-05-15T18:08:09
consumer_000865,acct_001068,2025-09-04T03:40:47
consumer_000866,acct_001069,2025-11-10T05:02:33
consumer_000867,acct_001070,2025-12-21T17:09:20
consumer_000867,acct_001071,2025-08-15T00:16:52
consumer_000867,acct_001072,2025-11-26T03:03:27
consumer_000868,acct_001073,2025-03-25T03:36:27
consumer_000869,acct_001074,2025-09-27T12:38:23
consumer_000869,acct_001075,2025-04-08T22:30:19
consumer_000870,acct_001076,2025-01-22T04:02:37
consumer_000870,acct_001077,2025-12-30T09:59:12
consumer_000870,acct_001078,2025-12-08T09:33:39
consumer_000871,acct_001079,2025-02-08T12:54:05
consumer_000872,acct_001080,2025-01-19T06:09:20
consumer_000873,acct_001081,2025-11-21T12:55:10
consumer_000874,acct_001082,2025-06-29T08:16:35
consumer_000875,acct_001083,2025-05-22T04:47:39
consumer_000875,acct_001084,2025-12-02T18:17:01
consumer_000875,acct_001085,2025-03-09T19:20:07
consumer_000876,acct_001086,2025-08-02T03:10:20
consumer_000877,acct_001087,2025-06-25T20:20:10
consumer_000878,acct_001088,2025-10-02T21:28:40
consumer_000879,acct_001089,2025-11-13T02:35:04
consumer_000880,acct_001090,2025-08-25T06:25:52
consumer_000881,acct_001091,2025-08-28T16:40:47
consumer_000882,acct_001092,2025-07-04T00:32:50
consumer_000882,acct_001093,2025-03-05T22:06:14
consumer_000882,acct_001094,2025-02-24T01:21:26
consumer_000883,acct_001095,2025-12-02T10:34:38
consumer_000884,acct_001096,2025-12-12T04:12:23
consumer_000885,acct_001097,2025-05-12T22:01:43
consumer_000886,acct_001098,2025-07-03T12:55:07
consumer_000887,acct_001099,2025-11-02T00:25:35
consumer_000887,acct_001100,2025-10-10T23:29:36
consumer_000888,acct_001101,2025-09-13T17:44:44
consumer_000889,acct_001102,2025-10-02T12:13:24
consumer_000889,acct_001103,2025-05-05T14:50:12
consumer_000889,acct_001104,2025-01-19T08:59:57
consumer_000890,acct_001105,2025-02-20T00:07:51
consumer_000891,acct_001106,2025-12-20T02:40:10
consumer_000892,acct_001107,2025-03-09T20:20:08
consumer_000893,acct_001108,2025-05-11T14:47:25
consumer_000894,acct_001109,2025-08-28T14:49:38
consumer_000895,acct_001110,2025-04-07T12:08:53
consumer_000896,acct_001111,2025-12-14T08:29:39
consumer_000897,acct_001112,2025-10-06T19:02:25
consumer_000898,acct_001113,2025-11-12T06:09:54
consumer_000898,acct_001114,2025-02-15T16:34:25
consumer_000899,acct_001115,2025-09-15T03:07:10
consumer_000900,acct_001116,2025-03-02T18:44:45
